ACCESIBILIDAD SIN EXCLUSION,416,SAN JOSE,Central,288054.00,44.62,6455.72,100.00,89.91,81903.00,3.50,63.39,6.78,98.48,9.88,27.89,71.21,44.17,13.71,16.27,12.35,14.21,39.64,6.87
ACCION CIUDADANA,34657,SAN JOSE,Central,288054.00,44.62,6455.72,100.00,89.91,81903.00,3.50,63.39,6.78,98.48,9.88,27.89,71.21,44.17,13.71,16.27,12.35,14.21,39.64,6.87
ALIANZA DEMOCRATA CRISTIANA,575,SAN JOSE,Central,288054.00,44.62,6455.72,100.00,89.91,81903.00,3.50,63.39,6.78,98.48,9.88,27.89,71.21,44.17,13.71,16.27,12.35,14.21,39.64,6.87
DE LOS TRABAJADORES,303,SAN JOSE,Central,288054.00,44.62,6455.72,100.00,89.91,81903.00,3.50,63.39,6.78,98.48,9.88,27.89,71.21,44.17,13.71,16.27,12.35,14.21,39.64,6.87
FRENTE AMPLIO,1260,SAN JOSE,Central,288054.00,44.62,6455.72,100.00,89.91,81903.00,3.50,63.39,6.78,98.48,9.88,27.89,71.21,44.17,13.71,16.27,12.35,14.21,39.64,6.87
INTEGRACION NACIONAL,15513,SAN JOSE,Central,288054.00,44.62,6455.72,100.00,89.91,81903.00,3.50,63.39,6.78,98.48,9.88,27.89,71.21,44.17,13.71,16.27,12.35,14.21,39.64,6.87
LIBERACION NACIONAL,27669,SAN JOSE,Central,288054.00,44.62,6455.72,100.00,89.91,81903.00,3.50,63.39,6.78,98.48,9.88,27.89,71.21,44.17,13.71,16.27,12.35,14.21,39.64,6.87
MOVIMIENTO LIBERTARIO,1608,SAN JOSE,Central,288054.00,44.62,6455.72,100.00,89.91,81903.00,3.50,63.39,6.78,98.48,9.88,27.89,71.21,44.17,13.71,16.27,12.35,14.21,39.64,6.87
NUEVA GENERACION,1316,SAN JOSE,Central,288054.00,44.62,6455.72,100.00,89.91,81903.00,3.50,63.39,6.78,98.48,9.88,27.89,71.21,44.17,13.71,16.27,12.35,14.21,39.64,6.87
RENOVACION COSTARRICENSE,769,SAN JOSE,Central,288054.00,44.62,6455.72,100.00,89.91,81903.00,3.50,63.39,6.78,98.48,9.88,27.89,71.21,44.17,13.71,16.27,12.35,14.21,39.64,6.87
REPUBLICANO SOCIAL CRISTIANO,6227,SAN JOSE,Central,288054.00,44.62,6455.72,100.00,89.91,81903.00,3.50,63.39,6.78,98.48,9.88,27.89,71.21,44.17,13.71,16.27,12.35,14.21,39.64,6.87
RESTAURACION NACIONAL,37931,SAN JOSE,Central,288054.00,44.62,6455.72,100.00,89.91,81903.00,3.50,63.39,6.78,98.48,9.88,27.89,71.21,44.17,13.71,16.27,12.35,14.21,39.64,6.87
UNIDAD SOCIAL CRISTIANA,26598,SAN JOSE,Central,288054.00,44.62,6455.72,100.00,89.91,81903.00,3.50,63.39,6.78,98.48,9.88,27.89,71.21,44.17,13.71,16.27,12.35,14.21,39.64,6.87
VOTOS NULOS,1106,SAN JOSE,Central,288054.00,44.62,6455.72,100.00,89.91,81903.00,3.50,63.39,6.78,98.48,9.88,27.89,71.21,44.17,13.71,16.27,12.35,14.21,39.64,6.87
VOTOS BLANCOS,204,SAN JOSE,Central,288054.00,44.62,6455.72,100.00,89.91,81903.00,3.50,63.39,6.78,98.48,9.88,27.89,71.21,44.17,13.71,16.27,12.35,14.21,39.64,6.87
ACCESIBILIDAD SIN EXCLUSION,94,SAN JOSE,Escazu,56509.00,34.49,1638.42,99.27,89.32,16565.00,3.40,74.35,3.80,98.81,10.91,28.78,74.02,49.24,13.75,19.90,10.43,14.23,32.48,8.71
ACCION CIUDADANA,7246,SAN JOSE,Escazu,56509.00,34.49,1638.42,99.27,89.32,16565.00,3.40,74.35,3.80,98.81,10.91,28.78,74.02,49.24,13.75,19.90,10.43,14.23,32.48,8.71
ALIANZA DEMOCRATA CRISTIANA,60,SAN JOSE,Escazu,56509.00,34.49,1638.42,99.27,89.32,16565.00,3.40,74.35,3.80,98.81,10.91,28.78,74.02,49.24,13.75,19.90,10.43,14.23,32.48,8.71
DE LOS TRABAJADORES,69,SAN JOSE,Escazu,56509.00,34.49,1638.42,99.27,89.32,16565.00,3.40,74.35,3.80,98.81,10.91,28.78,74.02,49.24,13.75,19.90,10.43,14.23,32.48,8.71
FRENTE AMPLIO,227,SAN JOSE,Escazu,56509.00,34.49,1638.42,99.27,89.32,16565.00,3.40,74.35,3.80,98.81,10.91,28.78,74.02,49.24,13.75,19.90,10.43,14.23,32.48,8.71
INTEGRACION NACIONAL,2674,SAN JOSE,Escazu,56509.00,34.49,1638.42,99.27,89.32,16565.00,3.40,74.35,3.80,98.81,10.91,28.78,74.02,49.24,13.75,19.90,10.43,14.23,32.48,8.71
LIBERACION NACIONAL,7261,SAN JOSE,Escazu,56509.00,34.49,1638.42,99.27,89.32,16565.00,3.40,74.35,3.80,98.81,10.91,28.78,74.02,49.24,13.75,19.90,10.43,14.23,32.48,8.71
MOVIMIENTO LIBERTARIO,407,SAN JOSE,Escazu,56509.00,34.49,1638.42,99.27,89.32,16565.00,3.40,74.35,3.80,98.81,10.91,28.78,74.02,49.24,13.75,19.90,10.43,14.23,32.48,8.71
NUEVA GENERACION,262,SAN JOSE,Escazu,56509.00,34.49,1638.42,99.27,89.32,16565.00,3.40,74.35,3.80,98.81,10.91,28.78,74.02,49.24,13.75,19.90,10.43,14.23,32.48,8.71
RENOVACION COSTARRICENSE,156,SAN JOSE,Escazu,56509.00,34.49,1638.42,99.27,89.32,16565.00,3.40,74.35,3.80,98.81,10.91,28.78,74.02,49.24,13.75,19.90,10.43,14.23,32.48,8.71
REPUBLICANO SOCIAL CRISTIANO,1166,SAN JOSE,Escazu,56509.00,34.49,1638.42,99.27,89.32,16565.00,3.40,74.35,3.80,98.81,10.91,28.78,74.02,49.24,13.75,19.90,10.43,14.23,32.48,8.71
RESTAURACION NACIONAL,4667,SAN JOSE,Escazu,56509.00,34.49,1638.42,99.27,89.32,16565.00,3.40,74.35,3.80,98.81,10.91,28.78,74.02,49.24,13.75,19.90,10.43,14.23,32.48,8.71
UNIDAD SOCIAL CRISTIANA,8963,SAN JOSE,Escazu,56509.00,34.49,1638.42,99.27,89.32,16565.00,3.40,74.35,3.80,98.81,10.91,28.78,74.02,49.24,13.75,19.90,10.43,14.23,32.48,8.71
VOTOS NULOS,194,SAN JOSE,Escazu,56509.00,34.49,1638.42,99.27,89.32,16565.00,3.40,74.35,3.80,98.81,10.91,28.78,74.02,49.24,13.75,19.90,10.43,14.23,32.48,8.71
VOTOS BLANCOS,26,SAN JOSE,Escazu,56509.00,34.49,1638.42,99.27,89.32,16565.00,3.40,74.35,3.80,98.81,10.91,28.78,74.02,49.24,13.75,19.90,10.43,14.23,32.48,8.71
ACCESIBILIDAD SIN EXCLUSION,397,SAN JOSE,Desamparados,208411.00,118.26,1762.31,93.55,92.20,57355.00,3.62,66.01,4.85,98.29,8.92,27.55,74.29,41.56,14.33,8.94,10.54,14.54,34.18,6.91
ACCION CIUDADANA,24445,SAN JOSE,Desamparados,208411.00,118.26,1762.31,93.55,92.20,57355.00,3.62,66.01,4.85,98.29,8.92,27.55,74.29,41.56,14.33,8.94,10.54,14.54,34.18,6.91
ALIANZA DEMOCRATA CRISTIANA,388,SAN JOSE,Desamparados,208411.00,118.26,1762.31,93.55,92.20,57355.00,3.62,66.01,4.85,98.29,8.92,27.55,74.29,41.56,14.33,8.94,10.54,14.54,34.18,6.91
DE LOS TRABAJADORES,219,SAN JOSE,Desamparados,208411.00,118.26,1762.31,93.55,92.20,57355.00,3.62,66.01,4.85,98.29,8.92,27.55,74.29,41.56,14.33,8.94,10.54,14.54,34.18,6.91
FRENTE AMPLIO,816,SAN JOSE,Desamparados,208411.00,118.26,1762.31,93.55,92.20,57355.00,3.62,66.01,4.85,98.29,8.92,27.55,74.29,41.56,14.33,8.94,10.54,14.54,34.18,6.91
INTEGRACION NACIONAL,10014,SAN JOSE,Desamparados,208411.00,118.26,1762.31,93.55,92.20,57355.00,3.62,66.01,4.85,98.29,8.92,27.55,74.29,41.56,14.33,8.94,10.54,14.54,34.18,6.91
LIBERACION NACIONAL,19343,SAN JOSE,Desamparados,208411.00,118.26,1762.31,93.55,92.20,57355.00,3.62,66.01,4.85,98.29,8.92,27.55,74.29,41.56,14.33,8.94,10.54,14.54,34.18,6.91
MOVIMIENTO LIBERTARIO,1182,SAN JOSE,Desamparados,208411.00,118.26,1762.31,93.55,92.20,57355.00,3.62,66.01,4.85,98.29,8.92,27.55,74.29,41.56,14.33,8.94,10.54,14.54,34.18,6.91
NUEVA GENERACION,887,SAN JOSE,Desamparados,208411.00,118.26,1762.31,93.55,92.20,57355.00,3.62,66.01,4.85,98.29,8.92,27.55,74.29,41.56,14.33,8.94,10.54,14.54,34.18,6.91
RENOVACION COSTARRICENSE,593,SAN JOSE,Desamparados,208411.00,118.26,1762.31,93.55,92.20,57355.00,3.62,66.01,4.85,98.29,8.92,27.55,74.29,41.56,14.33,8.94,10.54,14.54,34.18,6.91
REPUBLICANO SOCIAL CRISTIANO,5428,SAN JOSE,Desamparados,208411.00,118.26,1762.31,93.55,92.20,57355.00,3.62,66.01,4.85,98.29,8.92,27.55,74.29,41.56,14.33,8.94,10.54,14.54,34.18,6.91
RESTAURACION NACIONAL,29462,SAN JOSE,Desamparados,208411.00,118.26,1762.31,93.55,92.20,57355.00,3.62,66.01,4.85,98.29,8.92,27.55,74.29,41.56,14.33,8.94,10.54,14.54,34.18,6.91
UNIDAD SOCIAL CRISTIANA,15197,SAN JOSE,Desamparados,208411.00,118.26,1762.31,93.55,92.20,57355.00,3.62,66.01,4.85,98.29,8.92,27.55,74.29,41.56,14.33,8.94,10.54,14.54,34.18,6.91
VOTOS NULOS,797,SAN JOSE,Desamparados,208411.00,118.26,1762.31,93.55,92.20,57355.00,3.62,66.01,4.85,98.29,8.92,27.55,74.29,41.56,14.33,8.94,10.54,14.54,34.18,6.91
VOTOS BLANCOS,145,SAN JOSE,Desamparados,208411.00,118.26,1762.31,93.55,92.20,57355.00,3.62,66.01,4.85,98.29,8.92,27.55,74.29,41.56,14.33,8.94,10.54,14.54,34.18,6.91
ACCESIBILIDAD SIN EXCLUSION,54,SAN JOSE,Puriscal,33004.00,553.66,59.61,23.43,100.77,9787.00,3.36,64.49,2.19,95.27,7.90,30.40,69.74,31.97,12.45,2.20,13.06,10.37,28.23,6.95
ACCION CIUDADANA,4651,SAN JOSE,Puriscal,33004.00,553.66,59.61,23.43,100.77,9787.00,3.36,64.49,2.19,95.27,7.90,30.40,69.74,31.97,12.45,2.20,13.06,10.37,28.23,6.95
ALIANZA DEMOCRATA CRISTIANA,43,SAN JOSE,Puriscal,33004.00,553.66,59.61,23.43,100.77,9787.00,3.36,64.49,2.19,95.27,7.90,30.40,69.74,31.97,12.45,2.20,13.06,10.37,28.23,6.95
DE LOS TRABAJADORES,25,SAN JOSE,Puriscal,33004.00,553.66,59.61,23.43,100.77,9787.00,3.36,64.49,2.19,95.27,7.90,30.40,69.74,31.97,12.45,2.20,13.06,10.37,28.23,6.95
FRENTE AMPLIO,109,SAN JOSE,Puriscal,33004.00,553.66,59.61,23.43,100.77,9787.00,3.36,64.49,2.19,95.27,7.90,30.40,69.74,31.97,12.45,2.20,13.06,10.37,28.23,6.95
INTEGRACION NACIONAL,1945,SAN JOSE,Puriscal,33004.00,553.66,59.61,23.43,100.77,9787.00,3.36,64.49,2.19,95.27,7.90,30.40,69.74,31.97,12.45,2.20,13.06,10.37,28.23,6.95
LIBERACION NACIONAL,4982,SAN JOSE,Puriscal,33004.00,553.66,59.61,23.43,100.77,9787.00,3.36,64.49,2.19,95.27,7.90,30.40,69.74,31.97,12.45,2.20,13.06,10.37,28.23,6.95
MOVIMIENTO LIBERTARIO,147,SAN JOSE,Puriscal,33004.00,553.66,59.61,23.43,100.77,9787.00,3.36,64.49,2.19,95.27,7.90,30.40,69.74,31.97,12.45,2.20,13.06,10.37,28.23,6.95
NUEVA GENERACION,129,SAN JOSE,Puriscal,33004.00,553.66,59.61,23.43,100.77,9787.00,3.36,64.49,2.19,95.27,7.90,30.40,69.74,31.97,12.45,2.20,13.06,10.37,28.23,6.95
RENOVACION COSTARRICENSE,98,SAN JOSE,Puriscal,33004.00,553.66,59.61,23.43,100.77,9787.00,3.36,64.49,2.19,95.27,7.90,30.40,69.74,31.97,12.45,2.20,13.06,10.37,28.23,6.95
REPUBLICANO SOCIAL CRISTIANO,1722,SAN JOSE,Puriscal,33004.00,553.66,59.61,23.43,100.77,9787.00,3.36,64.49,2.19,95.27,7.90,30.40,69.74,31.97,12.45,2.20,13.06,10.37,28.23,6.95
RESTAURACION NACIONAL,2561,SAN JOSE,Puriscal,33004.00,553.66,59.61,23.43,100.77,9787.00,3.36,64.49,2.19,95.27,7.90,30.40,69.74,31.97,12.45,2.20,13.06,10.37,28.23,6.95
UNIDAD SOCIAL CRISTIANA,3103,SAN JOSE,Puriscal,33004.00,553.66,59.61,23.43,100.77,9787.00,3.36,64.49,2.19,95.27,7.90,30.40,69.74,31.97,12.45,2.20,13.06,10.37,28.23,6.95
VOTOS NULOS,189,SAN JOSE,Puriscal,33004.00,553.66,59.61,23.43,100.77,9787.00,3.36,64.49,2.19,95.27,7.90,30.40,69.74,31.97,12.45,2.20,13.06,10.37,28.23,6.95
VOTOS BLANCOS,56,SAN JOSE,Puriscal,33004.00,553.66,59.61,23.43,100.77,9787.00,3.36,64.49,2.19,95.27,7.90,30.40,69.74,31.97,12.45,2.20,13.06,10.37,28.23,6.95
ACCESIBILIDAD SIN EXCLUSION,31,SAN JOSE,Tarrazu,16280.00,297.50,54.72,50.31,98.80,4551.00,3.58,66.25,2.46,95.12,6.74,21.71,78.76,23.97,17.75,5.85,9.14,14.02,22.97,13.18
ACCION CIUDADANA,2293,SAN JOSE,Tarrazu,16280.00,297.50,54.72,50.31,98.80,4551.00,3.58,66.25,2.46,95.12,6.74,21.71,78.76,23.97,17.75,5.85,9.14,14.02,22.97,13.18
ALIANZA DEMOCRATA CRISTIANA,34,SAN JOSE,Tarrazu,16280.00,297.50,54.72,50.31,98.80,4551.00,3.58,66.25,2.46,95.12,6.74,21.71,78.76,23.97,17.75,5.85,9.14,14.02,22.97,13.18
DE LOS TRABAJADORES,11,SAN JOSE,Tarrazu,16280.00,297.50,54.72,50.31,98.80,4551.00,3.58,66.25,2.46,95.12,6.74,21.71,78.76,23.97,17.75,5.85,9.14,14.02,22.97,13.18
FRENTE AMPLIO,96,SAN JOSE,Tarrazu,16280.00,297.50,54.72,50.31,98.80,4551.00,3.58,66.25,2.46,95.12,6.74,21.71,78.76,23.97,17.75,5.85,9.14,14.02,22.97,13.18
INTEGRACION NACIONAL,494,SAN JOSE,Tarrazu,16280.00,297.50,54.72,50.31,98.80,4551.00,3.58,66.25,2.46,95.12,6.74,21.71,78.76,23.97,17.75,5.85,9.14,14.02,22.97,13.18
LIBERACION NACIONAL,1498,SAN JOSE,Tarrazu,16280.00,297.50,54.72,50.31,98.80,4551.00,3.58,66.25,2.46,95.12,6.74,21.71,78.76,23.97,17.75,5.85,9.14,14.02,22.97,13.18
MOVIMIENTO LIBERTARIO,65,SAN JOSE,Tarrazu,16280.00,297.50,54.72,50.31,98.80,4551.00,3.58,66.25,2.46,95.12,6.74,21.71,78.76,23.97,17.75,5.85,9.14,14.02,22.97,13.18
NUEVA GENERACION,60,SAN JOSE,Tarrazu,16280.00,297.50,54.72,50.31,98.80,4551.00,3.58,66.25,2.46,95.12,6.74,21.71,78.76,23.97,17.75,5.85,9.14,14.02,22.97,13.18
RENOVACION COSTARRICENSE,66,SAN JOSE,Tarrazu,16280.00,297.50,54.72,50.31,98.80,4551.00,3.58,66.25,2.46,95.12,6.74,21.71,78.76,23.97,17.75,5.85,9.14,14.02,22.97,13.18
REPUBLICANO SOCIAL CRISTIANO,661,SAN JOSE,Tarrazu,16280.00,297.50,54.72,50.31,98.80,4551.00,3.58,66.25,2.46,95.12,6.74,21.71,78.76,23.97,17.75,5.85,9.14,14.02,22.97,13.18
RESTAURACION NACIONAL,1051,SAN JOSE,Tarrazu,16280.00,297.50,54.72,50.31,98.80,4551.00,3.58,66.25,2.46,95.12,6.74,21.71,78.76,23.97,17.75,5.85,9.14,14.02,22.97,13.18
UNIDAD SOCIAL CRISTIANA,1512,SAN JOSE,Tarrazu,16280.00,297.50,54.72,50.31,98.80,4551.00,3.58,66.25,2.46,95.12,6.74,21.71,78.76,23.97,17.75,5.85,9.14,14.02,22.97,13.18
VOTOS NULOS,93,SAN JOSE,Tarrazu,16280.00,297.50,54.72,50.31,98.80,4551.00,3.58,66.25,2.46,95.12,6.74,21.71,78.76,23.97,17.75,5.85,9.14,14.02,22.97,13.18
VOTOS BLANCOS,19,SAN JOSE,Tarrazu,16280.00,297.50,54.72,50.31,98.80,4551.00,3.58,66.25,2.46,95.12,6.74,21.71,78.76,23.97,17.75,5.85,9.14,14.02,22.97,13.18
ACCESIBILIDAD SIN EXCLUSION,107,SAN JOSE,Aserri,57892.00,167.10,346.45,71.13,95.83,16120.00,3.59,62.49,4.44,97.45,7.89,23.37,74.68,35.57,13.97,4.94,10.82,13.81,29.97,5.85
ACCION CIUDADANA,6424,SAN JOSE,Aserri,57892.00,167.10,346.45,71.13,95.83,16120.00,3.59,62.49,4.44,97.45,7.89,23.37,74.68,35.57,13.97,4.94,10.82,13.81,29.97,5.85
ALIANZA DEMOCRATA CRISTIANA,84,SAN JOSE,Aserri,57892.00,167.10,346.45,71.13,95.83,16120.00,3.59,62.49,4.44,97.45,7.89,23.37,74.68,35.57,13.97,4.94,10.82,13.81,29.97,5.85
DE LOS TRABAJADORES,59,SAN JOSE,Aserri,57892.00,167.10,346.45,71.13,95.83,16120.00,3.59,62.49,4.44,97.45,7.89,23.37,74.68,35.57,13.97,4.94,10.82,13.81,29.97,5.85
FRENTE AMPLIO,201,SAN JOSE,Aserri,57892.00,167.10,346.45,71.13,95.83,16120.00,3.59,62.49,4.44,97.45,7.89,23.37,74.68,35.57,13.97,4.94,10.82,13.81,29.97,5.85
INTEGRACION NACIONAL,2700,SAN JOSE,Aserri,57892.00,167.10,346.45,71.13,95.83,16120.00,3.59,62.49,4.44,97.45,7.89,23.37,74.68,35.57,13.97,4.94,10.82,13.81,29.97,5.85
LIBERACION NACIONAL,6024,SAN JOSE,Aserri,57892.00,167.10,346.45,71.13,95.83,16120.00,3.59,62.49,4.44,97.45,7.89,23.37,74.68,35.57,13.97,4.94,10.82,13.81,29.97,5.85
MOVIMIENTO LIBERTARIO,296,SAN JOSE,Aserri,57892.00,167.10,346.45,71.13,95.83,16120.00,3.59,62.49,4.44,97.45,7.89,23.37,74.68,35.57,13.97,4.94,10.82,13.81,29.97,5.85
NUEVA GENERACION,204,SAN JOSE,Aserri,57892.00,167.10,346.45,71.13,95.83,16120.00,3.59,62.49,4.44,97.45,7.89,23.37,74.68,35.57,13.97,4.94,10.82,13.81,29.97,5.85
RENOVACION COSTARRICENSE,167,SAN JOSE,Aserri,57892.00,167.10,346.45,71.13,95.83,16120.00,3.59,62.49,4.44,97.45,7.89,23.37,74.68,35.57,13.97,4.94,10.82,13.81,29.97,5.85
REPUBLICANO SOCIAL CRISTIANO,1902,SAN JOSE,Aserri,57892.00,167.10,346.45,71.13,95.83,16120.00,3.59,62.49,4.44,97.45,7.89,23.37,74.68,35.57,13.97,4.94,10.82,13.81,29.97,5.85
RESTAURACION NACIONAL,6351,SAN JOSE,Aserri,57892.00,167.10,346.45,71.13,95.83,16120.00,3.59,62.49,4.44,97.45,7.89,23.37,74.68,35.57,13.97,4.94,10.82,13.81,29.97,5.85
UNIDAD SOCIAL CRISTIANA,3997,SAN JOSE,Aserri,57892.00,167.10,346.45,71.13,95.83,16120.00,3.59,62.49,4.44,97.45,7.89,23.37,74.68,35.57,13.97,4.94,10.82,13.81,29.97,5.85
VOTOS NULOS,234,SAN JOSE,Aserri,57892.00,167.10,346.45,71.13,95.83,16120.00,3.59,62.49,4.44,97.45,7.89,23.37,74.68,35.57,13.97,4.94,10.82,13.81,29.97,5.85
VOTOS BLANCOS,49,SAN JOSE,Aserri,57892.00,167.10,346.45,71.13,95.83,16120.00,3.59,62.49,4.44,97.45,7.89,23.37,74.68,35.57,13.97,4.94,10.82,13.81,29.97,5.85
ACCESIBILIDAD SIN EXCLUSION,38,SAN JOSE,Mora,26294.00,162.04,162.27,45.94,93.62,7782.00,3.38,68.77,2.98,97.41,8.97,28.44,73.88,38.19,11.57,7.39,10.22,11.08,28.67,10.09
ACCION CIUDADANA,3686,SAN JOSE,Mora,26294.00,162.04,162.27,45.94,93.62,7782.00,3.38,68.77,2.98,97.41,8.97,28.44,73.88,38.19,11.57,7.39,10.22,11.08,28.67,10.09
ALIANZA DEMOCRATA CRISTIANA,43,SAN JOSE,Mora,26294.00,162.04,162.27,45.94,93.62,7782.00,3.38,68.77,2.98,97.41,8.97,28.44,73.88,38.19,11.57,7.39,10.22,11.08,28.67,10.09
DE LOS TRABAJADORES,14,SAN JOSE,Mora,26294.00,162.04,162.27,45.94,93.62,7782.00,3.38,68.77,2.98,97.41,8.97,28.44,73.88,38.19,11.57,7.39,10.22,11.08,28.67,10.09
FRENTE AMPLIO,91,SAN JOSE,Mora,26294.00,162.04,162.27,45.94,93.62,7782.00,3.38,68.77,2.98,97.41,8.97,28.44,73.88,38.19,11.57,7.39,10.22,11.08,28.67,10.09
INTEGRACION NACIONAL,1324,SAN JOSE,Mora,26294.00,162.04,162.27,45.94,93.62,7782.00,3.38,68.77,2.98,97.41,8.97,28.44,73.88,38.19,11.57,7.39,10.22,11.08,28.67,10.09
LIBERACION NACIONAL,2584,SAN JOSE,Mora,26294.00,162.04,162.27,45.94,93.62,7782.00,3.38,68.77,2.98,97.41,8.97,28.44,73.88,38.19,11.57,7.39,10.22,11.08,28.67,10.09
MOVIMIENTO LIBERTARIO,139,SAN JOSE,Mora,26294.00,162.04,162.27,45.94,93.62,7782.00,3.38,68.77,2.98,97.41,8.97,28.44,73.88,38.19,11.57,7.39,10.22,11.08,28.67,10.09
NUEVA GENERACION,135,SAN JOSE,Mora,26294.00,162.04,162.27,45.94,93.62,7782.00,3.38,68.77,2.98,97.41,8.97,28.44,73.88,38.19,11.57,7.39,10.22,11.08,28.67,10.09
RENOVACION COSTARRICENSE,74,SAN JOSE,Mora,26294.00,162.04,162.27,45.94,93.62,7782.00,3.38,68.77,2.98,97.41,8.97,28.44,73.88,38.19,11.57,7.39,10.22,11.08,28.67,10.09
REPUBLICANO SOCIAL CRISTIANO,680,SAN JOSE,Mora,26294.00,162.04,162.27,45.94,93.62,7782.00,3.38,68.77,2.98,97.41,8.97,28.44,73.88,38.19,11.57,7.39,10.22,11.08,28.67,10.09
RESTAURACION NACIONAL,2916,SAN JOSE,Mora,26294.00,162.04,162.27,45.94,93.62,7782.00,3.38,68.77,2.98,97.41,8.97,28.44,73.88,38.19,11.57,7.39,10.22,11.08,28.67,10.09
UNIDAD SOCIAL CRISTIANA,2826,SAN JOSE,Mora,26294.00,162.04,162.27,45.94,93.62,7782.00,3.38,68.77,2.98,97.41,8.97,28.44,73.88,38.19,11.57,7.39,10.22,11.08,28.67,10.09
VOTOS NULOS,128,SAN JOSE,Mora,26294.00,162.04,162.27,45.94,93.62,7782.00,3.38,68.77,2.98,97.41,8.97,28.44,73.88,38.19,11.57,7.39,10.22,11.08,28.67,10.09
VOTOS BLANCOS,45,SAN JOSE,Mora,26294.00,162.04,162.27,45.94,93.62,7782.00,3.38,68.77,2.98,97.41,8.97,28.44,73.88,38.19,11.57,7.39,10.22,11.08,28.67,10.09
ACCESIBILIDAD SIN EXCLUSION,167,SAN JOSE,Goicochea,115084.00,31.50,3653.46,98.54,89.24,32520.00,3.53,68.02,4.30,98.86,9.78,29.70,72.12,43.62,11.99,9.52,11.68,12.07,37.14,7.30
ACCION CIUDADANA,15556,SAN JOSE,Goicochea,115084.00,31.50,3653.46,98.54,89.24,32520.00,3.53,68.02,4.30,98.86,9.78,29.70,72.12,43.62,11.99,9.52,11.68,12.07,37.14,7.30
ALIANZA DEMOCRATA CRISTIANA,270,SAN JOSE,Goicochea,115084.00,31.50,3653.46,98.54,89.24,32520.00,3.53,68.02,4.30,98.86,9.78,29.70,72.12,43.62,11.99,9.52,11.68,12.07,37.14,7.30
DE LOS TRABAJADORES,113,SAN JOSE,Goicochea,115084.00,31.50,3653.46,98.54,89.24,32520.00,3.53,68.02,4.30,98.86,9.78,29.70,72.12,43.62,11.99,9.52,11.68,12.07,37.14,7.30
FRENTE AMPLIO,516,SAN JOSE,Goicochea,115084.00,31.50,3653.46,98.54,89.24,32520.00,3.53,68.02,4.30,98.86,9.78,29.70,72.12,43.62,11.99,9.52,11.68,12.07,37.14,7.30
INTEGRACION NACIONAL,5432,SAN JOSE,Goicochea,115084.00,31.50,3653.46,98.54,89.24,32520.00,3.53,68.02,4.30,98.86,9.78,29.70,72.12,43.62,11.99,9.52,11.68,12.07,37.14,7.30
LIBERACION NACIONAL,9590,SAN JOSE,Goicochea,115084.00,31.50,3653.46,98.54,89.24,32520.00,3.53,68.02,4.30,98.86,9.78,29.70,72.12,43.62,11.99,9.52,11.68,12.07,37.14,7.30
MOVIMIENTO LIBERTARIO,650,SAN JOSE,Goicochea,115084.00,31.50,3653.46,98.54,89.24,32520.00,3.53,68.02,4.30,98.86,9.78,29.70,72.12,43.62,11.99,9.52,11.68,12.07,37.14,7.30
NUEVA GENERACION,576,SAN JOSE,Goicochea,115084.00,31.50,3653.46,98.54,89.24,32520.00,3.53,68.02,4.30,98.86,9.78,29.70,72.12,43.62,11.99,9.52,11.68,12.07,37.14,7.30
RENOVACION COSTARRICENSE,387,SAN JOSE,Goicochea,115084.00,31.50,3653.46,98.54,89.24,32520.00,3.53,68.02,4.30,98.86,9.78,29.70,72.12,43.62,11.99,9.52,11.68,12.07,37.14,7.30
REPUBLICANO SOCIAL CRISTIANO,2564,SAN JOSE,Goicochea,115084.00,31.50,3653.46,98.54,89.24,32520.00,3.53,68.02,4.30,98.86,9.78,29.70,72.12,43.62,11.99,9.52,11.68,12.07,37.14,7.30
RESTAURACION NACIONAL,15886,SAN JOSE,Goicochea,115084.00,31.50,3653.46,98.54,89.24,32520.00,3.53,68.02,4.30,98.86,9.78,29.70,72.12,43.62,11.99,9.52,11.68,12.07,37.14,7.30
UNIDAD SOCIAL CRISTIANA,9907,SAN JOSE,Goicochea,115084.00,31.50,3653.46,98.54,89.24,32520.00,3.53,68.02,4.30,98.86,9.78,29.70,72.12,43.62,11.99,9.52,11.68,12.07,37.14,7.30
VOTOS NULOS,396,SAN JOSE,Goicochea,115084.00,31.50,3653.46,98.54,89.24,32520.00,3.53,68.02,4.30,98.86,9.78,29.70,72.12,43.62,11.99,9.52,11.68,12.07,37.14,7.30
VOTOS BLANCOS,77,SAN JOSE,Goicochea,115084.00,31.50,3653.46,98.54,89.24,32520.00,3.53,68.02,4.30,98.86,9.78,29.70,72.12,43.62,11.99,9.52,11.68,12.07,37.14,7.30
ACCESIBILIDAD SIN EXCLUSION,42,SAN JOSE,Santa Ana,49123.00,61.42,799.79,93.15,91.71,14235.00,3.43,76.85,3.77,98.44,10.56,26.93,75.94,49.09,13.79,18.88,9.87,13.55,29.76,10.17
ACCION CIUDADANA,5701,SAN JOSE,Santa Ana,49123.00,61.42,799.79,93.15,91.71,14235.00,3.43,76.85,3.77,98.44,10.56,26.93,75.94,49.09,13.79,18.88,9.87,13.55,29.76,10.17
ALIANZA DEMOCRATA CRISTIANA,60,SAN JOSE,Santa Ana,49123.00,61.42,799.79,93.15,91.71,14235.00,3.43,76.85,3.77,98.44,10.56,26.93,75.94,49.09,13.79,18.88,9.87,13.55,29.76,10.17
DE LOS TRABAJADORES,65,SAN JOSE,Santa Ana,49123.00,61.42,799.79,93.15,91.71,14235.00,3.43,76.85,3.77,98.44,10.56,26.93,75.94,49.09,13.79,18.88,9.87,13.55,29.76,10.17
FRENTE AMPLIO,100,SAN JOSE,Santa Ana,49123.00,61.42,799.79,93.15,91.71,14235.00,3.43,76.85,3.77,98.44,10.56,26.93,75.94,49.09,13.79,18.88,9.87,13.55,29.76,10.17
INTEGRACION NACIONAL,2043,SAN JOSE,Santa Ana,49123.00,61.42,799.79,93.15,91.71,14235.00,3.43,76.85,3.77,98.44,10.56,26.93,75.94,49.09,13.79,18.88,9.87,13.55,29.76,10.17
LIBERACION NACIONAL,5528,SAN JOSE,Santa Ana,49123.00,61.42,799.79,93.15,91.71,14235.00,3.43,76.85,3.77,98.44,10.56,26.93,75.94,49.09,13.79,18.88,9.87,13.55,29.76,10.17
MOVIMIENTO LIBERTARIO,269,SAN JOSE,Santa Ana,49123.00,61.42,799.79,93.15,91.71,14235.00,3.43,76.85,3.77,98.44,10.56,26.93,75.94,49.09,13.79,18.88,9.87,13.55,29.76,10.17
NUEVA GENERACION,213,SAN JOSE,Santa Ana,49123.00,61.42,799.79,93.15,91.71,14235.00,3.43,76.85,3.77,98.44,10.56,26.93,75.94,49.09,13.79,18.88,9.87,13.55,29.76,10.17
RENOVACION COSTARRICENSE,98,SAN JOSE,Santa Ana,49123.00,61.42,799.79,93.15,91.71,14235.00,3.43,76.85,3.77,98.44,10.56,26.93,75.94,49.09,13.79,18.88,9.87,13.55,29.76,10.17
REPUBLICANO SOCIAL CRISTIANO,947,SAN JOSE,Santa Ana,49123.00,61.42,799.79,93.15,91.71,14235.00,3.43,76.85,3.77,98.44,10.56,26.93,75.94,49.09,13.79,18.88,9.87,13.55,29.76,10.17
RESTAURACION NACIONAL,3554,SAN JOSE,Santa Ana,49123.00,61.42,799.79,93.15,91.71,14235.00,3.43,76.85,3.77,98.44,10.56,26.93,75.94,49.09,13.79,18.88,9.87,13.55,29.76,10.17
UNIDAD SOCIAL CRISTIANA,6507,SAN JOSE,Santa Ana,49123.00,61.42,799.79,93.15,91.71,14235.00,3.43,76.85,3.77,98.44,10.56,26.93,75.94,49.09,13.79,18.88,9.87,13.55,29.76,10.17
VOTOS NULOS,165,SAN JOSE,Santa Ana,49123.00,61.42,799.79,93.15,91.71,14235.00,3.43,76.85,3.77,98.44,10.56,26.93,75.94,49.09,13.79,18.88,9.87,13.55,29.76,10.17
VOTOS BLANCOS,31,SAN JOSE,Santa Ana,49123.00,61.42,799.79,93.15,91.71,14235.00,3.43,76.85,3.77,98.44,10.56,26.93,75.94,49.09,13.79,18.88,9.87,13.55,29.76,10.17
ACCESIBILIDAD SIN EXCLUSION,145,SAN JOSE,Alajuelita,77603.00,21.17,3665.71,99.00,92.77,19832.00,3.91,57.59,8.40,98.10,8.01,22.27,74.88,39.28,16.46,12.94,11.25,16.48,36.30,5.81
ACCION CIUDADANA,5813,SAN JOSE,Alajuelita,77603.00,21.17,3665.71,99.00,92.77,19832.00,3.91,57.59,8.40,98.10,8.01,22.27,74.88,39.28,16.46,12.94,11.25,16.48,36.30,5.81
ALIANZA DEMOCRATA CRISTIANA,132,SAN JOSE,Alajuelita,77603.00,21.17,3665.71,99.00,92.77,19832.00,3.91,57.59,8.40,98.10,8.01,22.27,74.88,39.28,16.46,12.94,11.25,16.48,36.30,5.81
DE LOS TRABAJADORES,89,SAN JOSE,Alajuelita,77603.00,21.17,3665.71,99.00,92.77,19832.00,3.91,57.59,8.40,98.10,8.01,22.27,74.88,39.28,16.46,12.94,11.25,16.48,36.30,5.81
FRENTE AMPLIO,217,SAN JOSE,Alajuelita,77603.00,21.17,3665.71,99.00,92.77,19832.00,3.91,57.59,8.40,98.10,8.01,22.27,74.88,39.28,16.46,12.94,11.25,16.48,36.30,5.81
INTEGRACION NACIONAL,3543,SAN JOSE,Alajuelita,77603.00,21.17,3665.71,99.00,92.77,19832.00,3.91,57.59,8.40,98.10,8.01,22.27,74.88,39.28,16.46,12.94,11.25,16.48,36.30,5.81
LIBERACION NACIONAL,4020,SAN JOSE,Alajuelita,77603.00,21.17,3665.71,99.00,92.77,19832.00,3.91,57.59,8.40,98.10,8.01,22.27,74.88,39.28,16.46,12.94,11.25,16.48,36.30,5.81
MOVIMIENTO LIBERTARIO,433,SAN JOSE,Alajuelita,77603.00,21.17,3665.71,99.00,92.77,19832.00,3.91,57.59,8.40,98.10,8.01,22.27,74.88,39.28,16.46,12.94,11.25,16.48,36.30,5.81
NUEVA GENERACION,517,SAN JOSE,Alajuelita,77603.00,21.17,3665.71,99.00,92.77,19832.00,3.91,57.59,8.40,98.10,8.01,22.27,74.88,39.28,16.46,12.94,11.25,16.48,36.30,5.81
RENOVACION COSTARRICENSE,239,SAN JOSE,Alajuelita,77603.00,21.17,3665.71,99.00,92.77,19832.00,3.91,57.59,8.40,98.10,8.01,22.27,74.88,39.28,16.46,12.94,11.25,16.48,36.30,5.81
REPUBLICANO SOCIAL CRISTIANO,1930,SAN JOSE,Alajuelita,77603.00,21.17,3665.71,99.00,92.77,19832.00,3.91,57.59,8.40,98.10,8.01,22.27,74.88,39.28,16.46,12.94,11.25,16.48,36.30,5.81
RESTAURACION NACIONAL,11106,SAN JOSE,Alajuelita,77603.00,21.17,3665.71,99.00,92.77,19832.00,3.91,57.59,8.40,98.10,8.01,22.27,74.88,39.28,16.46,12.94,11.25,16.48,36.30,5.81
UNIDAD SOCIAL CRISTIANA,3627,SAN JOSE,Alajuelita,77603.00,21.17,3665.71,99.00,92.77,19832.00,3.91,57.59,8.40,98.10,8.01,22.27,74.88,39.28,16.46,12.94,11.25,16.48,36.30,5.81
VOTOS NULOS,347,SAN JOSE,Alajuelita,77603.00,21.17,3665.71,99.00,92.77,19832.00,3.91,57.59,8.40,98.10,8.01,22.27,74.88,39.28,16.46,12.94,11.25,16.48,36.30,5.81
VOTOS BLANCOS,52,SAN JOSE,Alajuelita,77603.00,21.17,3665.71,99.00,92.77,19832.00,3.91,57.59,8.40,98.10,8.01,22.27,74.88,39.28,16.46,12.94,11.25,16.48,36.30,5.81
ACCESIBILIDAD SIN EXCLUSION,124,SAN JOSE,Vazquez de Coronado,60486.00,222.20,272.21,96.43,93.01,17155.00,3.52,73.13,2.54,98.82,9.92,32.55,73.93,44.41,11.01,4.48,10.15,11.01,31.34,8.11
ACCION CIUDADANA,10608,SAN JOSE,Vazquez de Coronado,60486.00,222.20,272.21,96.43,93.01,17155.00,3.52,73.13,2.54,98.82,9.92,32.55,73.93,44.41,11.01,4.48,10.15,11.01,31.34,8.11
ALIANZA DEMOCRATA CRISTIANA,181,SAN JOSE,Vazquez de Coronado,60486.00,222.20,272.21,96.43,93.01,17155.00,3.52,73.13,2.54,98.82,9.92,32.55,73.93,44.41,11.01,4.48,10.15,11.01,31.34,8.11
DE LOS TRABAJADORES,80,SAN JOSE,Vazquez de Coronado,60486.00,222.20,272.21,96.43,93.01,17155.00,3.52,73.13,2.54,98.82,9.92,32.55,73.93,44.41,11.01,4.48,10.15,11.01,31.34,8.11
FRENTE AMPLIO,306,SAN JOSE,Vazquez de Coronado,60486.00,222.20,272.21,96.43,93.01,17155.00,3.52,73.13,2.54,98.82,9.92,32.55,73.93,44.41,11.01,4.48,10.15,11.01,31.34,8.11
INTEGRACION NACIONAL,3209,SAN JOSE,Vazquez de Coronado,60486.00,222.20,272.21,96.43,93.01,17155.00,3.52,73.13,2.54,98.82,9.92,32.55,73.93,44.41,11.01,4.48,10.15,11.01,31.34,8.11
LIBERACION NACIONAL,6063,SAN JOSE,Vazquez de Coronado,60486.00,222.20,272.21,96.43,93.01,17155.00,3.52,73.13,2.54,98.82,9.92,32.55,73.93,44.41,11.01,4.48,10.15,11.01,31.34,8.11
MOVIMIENTO LIBERTARIO,417,SAN JOSE,Vazquez de Coronado,60486.00,222.20,272.21,96.43,93.01,17155.00,3.52,73.13,2.54,98.82,9.92,32.55,73.93,44.41,11.01,4.48,10.15,11.01,31.34,8.11
NUEVA GENERACION,317,SAN JOSE,Vazquez de Coronado,60486.00,222.20,272.21,96.43,93.01,17155.00,3.52,73.13,2.54,98.82,9.92,32.55,73.93,44.41,11.01,4.48,10.15,11.01,31.34,8.11
RENOVACION COSTARRICENSE,218,SAN JOSE,Vazquez de Coronado,60486.00,222.20,272.21,96.43,93.01,17155.00,3.52,73.13,2.54,98.82,9.92,32.55,73.93,44.41,11.01,4.48,10.15,11.01,31.34,8.11
REPUBLICANO SOCIAL CRISTIANO,2033,SAN JOSE,Vazquez de Coronado,60486.00,222.20,272.21,96.43,93.01,17155.00,3.52,73.13,2.54,98.82,9.92,32.55,73.93,44.41,11.01,4.48,10.15,11.01,31.34,8.11
RESTAURACION NACIONAL,9270,SAN JOSE,Vazquez de Coronado,60486.00,222.20,272.21,96.43,93.01,17155.00,3.52,73.13,2.54,98.82,9.92,32.55,73.93,44.41,11.01,4.48,10.15,11.01,31.34,8.11
UNIDAD SOCIAL CRISTIANA,5606,SAN JOSE,Vazquez de Coronado,60486.00,222.20,272.21,96.43,93.01,17155.00,3.52,73.13,2.54,98.82,9.92,32.55,73.93,44.41,11.01,4.48,10.15,11.01,31.34,8.11
VOTOS NULOS,230,SAN JOSE,Vazquez de Coronado,60486.00,222.20,272.21,96.43,93.01,17155.00,3.52,73.13,2.54,98.82,9.92,32.55,73.93,44.41,11.01,4.48,10.15,11.01,31.34,8.11
VOTOS BLANCOS,38,SAN JOSE,Vazquez de Coronado,60486.00,222.20,272.21,96.43,93.01,17155.00,3.52,73.13,2.54,98.82,9.92,32.55,73.93,44.41,11.01,4.48,10.15,11.01,31.34,8.11
ACCESIBILIDAD SIN EXCLUSION,34,SAN JOSE,Acosta,20209.00,342.24,59.05,12.49,102.25,5871.00,3.44,60.94,2.69,93.71,6.69,26.75,73.04,25.87,12.22,1.19,10.15,9.21,26.54,4.89
ACCION CIUDADANA,2934,SAN JOSE,Acosta,20209.00,342.24,59.05,12.49,102.25,5871.00,3.44,60.94,2.69,93.71,6.69,26.75,73.04,25.87,12.22,1.19,10.15,9.21,26.54,4.89
ALIANZA DEMOCRATA CRISTIANA,33,SAN JOSE,Acosta,20209.00,342.24,59.05,12.49,102.25,5871.00,3.44,60.94,2.69,93.71,6.69,26.75,73.04,25.87,12.22,1.19,10.15,9.21,26.54,4.89
DE LOS TRABAJADORES,15,SAN JOSE,Acosta,20209.00,342.24,59.05,12.49,102.25,5871.00,3.44,60.94,2.69,93.71,6.69,26.75,73.04,25.87,12.22,1.19,10.15,9.21,26.54,4.89
FRENTE AMPLIO,82,SAN JOSE,Acosta,20209.00,342.24,59.05,12.49,102.25,5871.00,3.44,60.94,2.69,93.71,6.69,26.75,73.04,25.87,12.22,1.19,10.15,9.21,26.54,4.89
INTEGRACION NACIONAL,1207,SAN JOSE,Acosta,20209.00,342.24,59.05,12.49,102.25,5871.00,3.44,60.94,2.69,93.71,6.69,26.75,73.04,25.87,12.22,1.19,10.15,9.21,26.54,4.89
LIBERACION NACIONAL,2478,SAN JOSE,Acosta,20209.00,342.24,59.05,12.49,102.25,5871.00,3.44,60.94,2.69,93.71,6.69,26.75,73.04,25.87,12.22,1.19,10.15,9.21,26.54,4.89
MOVIMIENTO LIBERTARIO,68,SAN JOSE,Acosta,20209.00,342.24,59.05,12.49,102.25,5871.00,3.44,60.94,2.69,93.71,6.69,26.75,73.04,25.87,12.22,1.19,10.15,9.21,26.54,4.89
NUEVA GENERACION,54,SAN JOSE,Acosta,20209.00,342.24,59.05,12.49,102.25,5871.00,3.44,60.94,2.69,93.71,6.69,26.75,73.04,25.87,12.22,1.19,10.15,9.21,26.54,4.89
RENOVACION COSTARRICENSE,72,SAN JOSE,Acosta,20209.00,342.24,59.05,12.49,102.25,5871.00,3.44,60.94,2.69,93.71,6.69,26.75,73.04,25.87,12.22,1.19,10.15,9.21,26.54,4.89
REPUBLICANO SOCIAL CRISTIANO,639,SAN JOSE,Acosta,20209.00,342.24,59.05,12.49,102.25,5871.00,3.44,60.94,2.69,93.71,6.69,26.75,73.04,25.87,12.22,1.19,10.15,9.21,26.54,4.89
RESTAURACION NACIONAL,1547,SAN JOSE,Acosta,20209.00,342.24,59.05,12.49,102.25,5871.00,3.44,60.94,2.69,93.71,6.69,26.75,73.04,25.87,12.22,1.19,10.15,9.21,26.54,4.89
UNIDAD SOCIAL CRISTIANA,1697,SAN JOSE,Acosta,20209.00,342.24,59.05,12.49,102.25,5871.00,3.44,60.94,2.69,93.71,6.69,26.75,73.04,25.87,12.22,1.19,10.15,9.21,26.54,4.89
VOTOS NULOS,102,SAN JOSE,Acosta,20209.00,342.24,59.05,12.49,102.25,5871.00,3.44,60.94,2.69,93.71,6.69,26.75,73.04,25.87,12.22,1.19,10.15,9.21,26.54,4.89
VOTOS BLANCOS,19,SAN JOSE,Acosta,20209.00,342.24,59.05,12.49,102.25,5871.00,3.44,60.94,2.69,93.71,6.69,26.75,73.04,25.87,12.22,1.19,10.15,9.21,26.54,4.89
ACCESIBILIDAD SIN EXCLUSION,94,SAN JOSE,Tibas,64842.00,8.15,7956.07,100.00,87.52,19160.00,3.38,70.55,3.61,98.74,10.33,31.48,70.41,43.85,10.75,10.68,11.50,11.59,40.11,7.63
ACCION CIUDADANA,9852,SAN JOSE,Tibas,64842.00,8.15,7956.07,100.00,87.52,19160.00,3.38,70.55,3.61,98.74,10.33,31.48,70.41,43.85,10.75,10.68,11.50,11.59,40.11,7.63
ALIANZA DEMOCRATA CRISTIANA,172,SAN JOSE,Tibas,64842.00,8.15,7956.07,100.00,87.52,19160.00,3.38,70.55,3.61,98.74,10.33,31.48,70.41,43.85,10.75,10.68,11.50,11.59,40.11,7.63
DE LOS TRABAJADORES,68,SAN JOSE,Tibas,64842.00,8.15,7956.07,100.00,87.52,19160.00,3.38,70.55,3.61,98.74,10.33,31.48,70.41,43.85,10.75,10.68,11.50,11.59,40.11,7.63
FRENTE AMPLIO,272,SAN JOSE,Tibas,64842.00,8.15,7956.07,100.00,87.52,19160.00,3.38,70.55,3.61,98.74,10.33,31.48,70.41,43.85,10.75,10.68,11.50,11.59,40.11,7.63
INTEGRACION NACIONAL,3556,SAN JOSE,Tibas,64842.00,8.15,7956.07,100.00,87.52,19160.00,3.38,70.55,3.61,98.74,10.33,31.48,70.41,43.85,10.75,10.68,11.50,11.59,40.11,7.63
LIBERACION NACIONAL,6862,SAN JOSE,Tibas,64842.00,8.15,7956.07,100.00,87.52,19160.00,3.38,70.55,3.61,98.74,10.33,31.48,70.41,43.85,10.75,10.68,11.50,11.59,40.11,7.63
MOVIMIENTO LIBERTARIO,393,SAN JOSE,Tibas,64842.00,8.15,7956.07,100.00,87.52,19160.00,3.38,70.55,3.61,98.74,10.33,31.48,70.41,43.85,10.75,10.68,11.50,11.59,40.11,7.63
NUEVA GENERACION,343,SAN JOSE,Tibas,64842.00,8.15,7956.07,100.00,87.52,19160.00,3.38,70.55,3.61,98.74,10.33,31.48,70.41,43.85,10.75,10.68,11.50,11.59,40.11,7.63
RENOVACION COSTARRICENSE,163,SAN JOSE,Tibas,64842.00,8.15,7956.07,100.00,87.52,19160.00,3.38,70.55,3.61,98.74,10.33,31.48,70.41,43.85,10.75,10.68,11.50,11.59,40.11,7.63
REPUBLICANO SOCIAL CRISTIANO,1336,SAN JOSE,Tibas,64842.00,8.15,7956.07,100.00,87.52,19160.00,3.38,70.55,3.61,98.74,10.33,31.48,70.41,43.85,10.75,10.68,11.50,11.59,40.11,7.63
RESTAURACION NACIONAL,8609,SAN JOSE,Tibas,64842.00,8.15,7956.07,100.00,87.52,19160.00,3.38,70.55,3.61,98.74,10.33,31.48,70.41,43.85,10.75,10.68,11.50,11.59,40.11,7.63
UNIDAD SOCIAL CRISTIANA,7020,SAN JOSE,Tibas,64842.00,8.15,7956.07,100.00,87.52,19160.00,3.38,70.55,3.61,98.74,10.33,31.48,70.41,43.85,10.75,10.68,11.50,11.59,40.11,7.63
VOTOS NULOS,228,SAN JOSE,Tibas,64842.00,8.15,7956.07,100.00,87.52,19160.00,3.38,70.55,3.61,98.74,10.33,31.48,70.41,43.85,10.75,10.68,11.50,11.59,40.11,7.63
VOTOS BLANCOS,41,SAN JOSE,Tibas,64842.00,8.15,7956.07,100.00,87.52,19160.00,3.38,70.55,3.61,98.74,10.33,31.48,70.41,43.85,10.75,10.68,11.50,11.59,40.11,7.63
ACCESIBILIDAD SIN EXCLUSION,79,SAN JOSE,Moravia,56919.00,28.62,1988.78,99.39,88.61,16874.00,3.36,78.75,2.61,99.13,11.05,34.34,73.34,46.01,10.70,8.55,10.65,10.70,33.92,8.31
ACCION CIUDADANA,9120,SAN JOSE,Moravia,56919.00,28.62,1988.78,99.39,88.61,16874.00,3.36,78.75,2.61,99.13,11.05,34.34,73.34,46.01,10.70,8.55,10.65,10.70,33.92,8.31
ALIANZA DEMOCRATA CRISTIANA,119,SAN JOSE,Moravia,56919.00,28.62,1988.78,99.39,88.61,16874.00,3.36,78.75,2.61,99.13,11.05,34.34,73.34,46.01,10.70,8.55,10.65,10.70,33.92,8.31
DE LOS TRABAJADORES,53,SAN JOSE,Moravia,56919.00,28.62,1988.78,99.39,88.61,16874.00,3.36,78.75,2.61,99.13,11.05,34.34,73.34,46.01,10.70,8.55,10.65,10.70,33.92,8.31
FRENTE AMPLIO,280,SAN JOSE,Moravia,56919.00,28.62,1988.78,99.39,88.61,16874.00,3.36,78.75,2.61,99.13,11.05,34.34,73.34,46.01,10.70,8.55,10.65,10.70,33.92,8.31
INTEGRACION NACIONAL,2708,SAN JOSE,Moravia,56919.00,28.62,1988.78,99.39,88.61,16874.00,3.36,78.75,2.61,99.13,11.05,34.34,73.34,46.01,10.70,8.55,10.65,10.70,33.92,8.31
LIBERACION NACIONAL,5379,SAN JOSE,Moravia,56919.00,28.62,1988.78,99.39,88.61,16874.00,3.36,78.75,2.61,99.13,11.05,34.34,73.34,46.01,10.70,8.55,10.65,10.70,33.92,8.31
MOVIMIENTO LIBERTARIO,299,SAN JOSE,Moravia,56919.00,28.62,1988.78,99.39,88.61,16874.00,3.36,78.75,2.61,99.13,11.05,34.34,73.34,46.01,10.70,8.55,10.65,10.70,33.92,8.31
NUEVA GENERACION,311,SAN JOSE,Moravia,56919.00,28.62,1988.78,99.39,88.61,16874.00,3.36,78.75,2.61,99.13,11.05,34.34,73.34,46.01,10.70,8.55,10.65,10.70,33.92,8.31
RENOVACION COSTARRICENSE,154,SAN JOSE,Moravia,56919.00,28.62,1988.78,99.39,88.61,16874.00,3.36,78.75,2.61,99.13,11.05,34.34,73.34,46.01,10.70,8.55,10.65,10.70,33.92,8.31
REPUBLICANO SOCIAL CRISTIANO,1000,SAN JOSE,Moravia,56919.00,28.62,1988.78,99.39,88.61,16874.00,3.36,78.75,2.61,99.13,11.05,34.34,73.34,46.01,10.70,8.55,10.65,10.70,33.92,8.31
RESTAURACION NACIONAL,6242,SAN JOSE,Moravia,56919.00,28.62,1988.78,99.39,88.61,16874.00,3.36,78.75,2.61,99.13,11.05,34.34,73.34,46.01,10.70,8.55,10.65,10.70,33.92,8.31
UNIDAD SOCIAL CRISTIANA,6503,SAN JOSE,Moravia,56919.00,28.62,1988.78,99.39,88.61,16874.00,3.36,78.75,2.61,99.13,11.05,34.34,73.34,46.01,10.70,8.55,10.65,10.70,33.92,8.31
VOTOS NULOS,166,SAN JOSE,Moravia,56919.00,28.62,1988.78,99.39,88.61,16874.00,3.36,78.75,2.61,99.13,11.05,34.34,73.34,46.01,10.70,8.55,10.65,10.70,33.92,8.31
VOTOS BLANCOS,26,SAN JOSE,Moravia,56919.00,28.62,1988.78,99.39,88.61,16874.00,3.36,78.75,2.61,99.13,11.05,34.34,73.34,46.01,10.70,8.55,10.65,10.70,33.92,8.31
ACCESIBILIDAD SIN EXCLUSION,53,SAN JOSE,Montes de Oca,49132.00,15.16,3240.90,100.00,87.37,16589.00,2.94,79.90,2.04,99.36,12.22,41.73,69.20,49.90,9.34,13.10,11.10,10.17,40.42,9.86
ACCION CIUDADANA,10987,SAN JOSE,Montes de Oca,49132.00,15.16,3240.90,100.00,87.37,16589.00,2.94,79.90,2.04,99.36,12.22,41.73,69.20,49.90,9.34,13.10,11.10,10.17,40.42,9.86
ALIANZA DEMOCRATA CRISTIANA,102,SAN JOSE,Montes de Oca,49132.00,15.16,3240.90,100.00,87.37,16589.00,2.94,79.90,2.04,99.36,12.22,41.73,69.20,49.90,9.34,13.10,11.10,10.17,40.42,9.86
DE LOS TRABAJADORES,70,SAN JOSE,Montes de Oca,49132.00,15.16,3240.90,100.00,87.37,16589.00,2.94,79.90,2.04,99.36,12.22,41.73,69.20,49.90,9.34,13.10,11.10,10.17,40.42,9.86
FRENTE AMPLIO,362,SAN JOSE,Montes de Oca,49132.00,15.16,3240.90,100.00,87.37,16589.00,2.94,79.90,2.04,99.36,12.22,41.73,69.20,49.90,9.34,13.10,11.10,10.17,40.42,9.86
INTEGRACION NACIONAL,2249,SAN JOSE,Montes de Oca,49132.00,15.16,3240.90,100.00,87.37,16589.00,2.94,79.90,2.04,99.36,12.22,41.73,69.20,49.90,9.34,13.10,11.10,10.17,40.42,9.86
LIBERACION NACIONAL,5323,SAN JOSE,Montes de Oca,49132.00,15.16,3240.90,100.00,87.37,16589.00,2.94,79.90,2.04,99.36,12.22,41.73,69.20,49.90,9.34,13.10,11.10,10.17,40.42,9.86
MOVIMIENTO LIBERTARIO,265,SAN JOSE,Montes de Oca,49132.00,15.16,3240.90,100.00,87.37,16589.00,2.94,79.90,2.04,99.36,12.22,41.73,69.20,49.90,9.34,13.10,11.10,10.17,40.42,9.86
NUEVA GENERACION,288,SAN JOSE,Montes de Oca,49132.00,15.16,3240.90,100.00,87.37,16589.00,2.94,79.90,2.04,99.36,12.22,41.73,69.20,49.90,9.34,13.10,11.10,10.17,40.42,9.86
RENOVACION COSTARRICENSE,133,SAN JOSE,Montes de Oca,49132.00,15.16,3240.90,100.00,87.37,16589.00,2.94,79.90,2.04,99.36,12.22,41.73,69.20,49.90,9.34,13.10,11.10,10.17,40.42,9.86
REPUBLICANO SOCIAL CRISTIANO,773,SAN JOSE,Montes de Oca,49132.00,15.16,3240.90,100.00,87.37,16589.00,2.94,79.90,2.04,99.36,12.22,41.73,69.20,49.90,9.34,13.10,11.10,10.17,40.42,9.86
RESTAURACION NACIONAL,3732,SAN JOSE,Montes de Oca,49132.00,15.16,3240.90,100.00,87.37,16589.00,2.94,79.90,2.04,99.36,12.22,41.73,69.20,49.90,9.34,13.10,11.10,10.17,40.42,9.86
UNIDAD SOCIAL CRISTIANA,6726,SAN JOSE,Montes de Oca,49132.00,15.16,3240.90,100.00,87.37,16589.00,2.94,79.90,2.04,99.36,12.22,41.73,69.20,49.90,9.34,13.10,11.10,10.17,40.42,9.86
VOTOS NULOS,151,SAN JOSE,Montes de Oca,49132.00,15.16,3240.90,100.00,87.37,16589.00,2.94,79.90,2.04,99.36,12.22,41.73,69.20,49.90,9.34,13.10,11.10,10.17,40.42,9.86
VOTOS BLANCOS,32,SAN JOSE,Montes de Oca,49132.00,15.16,3240.90,100.00,87.37,16589.00,2.94,79.90,2.04,99.36,12.22,41.73,69.20,49.90,9.34,13.10,11.10,10.17,40.42,9.86
ACCESIBILIDAD SIN EXCLUSION,7,SAN JOSE,Turrubares,5512.00,415.29,13.27,13.35,107.22,1679.00,3.27,44.91,3.51,92.73,6.44,22.26,72.94,21.40,23.62,4.52,11.47,18.12,24.16,10.90
ACCION CIUDADANA,378,SAN JOSE,Turrubares,5512.00,415.29,13.27,13.35,107.22,1679.00,3.27,44.91,3.51,92.73,6.44,22.26,72.94,21.40,23.62,4.52,11.47,18.12,24.16,10.90
ALIANZA DEMOCRATA CRISTIANA,2,SAN JOSE,Turrubares,5512.00,415.29,13.27,13.35,107.22,1679.00,3.27,44.91,3.51,92.73,6.44,22.26,72.94,21.40,23.62,4.52,11.47,18.12,24.16,10.90
DE LOS TRABAJADORES,7,SAN JOSE,Turrubares,5512.00,415.29,13.27,13.35,107.22,1679.00,3.27,44.91,3.51,92.73,6.44,22.26,72.94,21.40,23.62,4.52,11.47,18.12,24.16,10.90
FRENTE AMPLIO,6,SAN JOSE,Turrubares,5512.00,415.29,13.27,13.35,107.22,1679.00,3.27,44.91,3.51,92.73,6.44,22.26,72.94,21.40,23.62,4.52,11.47,18.12,24.16,10.90
INTEGRACION NACIONAL,207,SAN JOSE,Turrubares,5512.00,415.29,13.27,13.35,107.22,1679.00,3.27,44.91,3.51,92.73,6.44,22.26,72.94,21.40,23.62,4.52,11.47,18.12,24.16,10.90
LIBERACION NACIONAL,1148,SAN JOSE,Turrubares,5512.00,415.29,13.27,13.35,107.22,1679.00,3.27,44.91,3.51,92.73,6.44,22.26,72.94,21.40,23.62,4.52,11.47,18.12,24.16,10.90
MOVIMIENTO LIBERTARIO,22,SAN JOSE,Turrubares,5512.00,415.29,13.27,13.35,107.22,1679.00,3.27,44.91,3.51,92.73,6.44,22.26,72.94,21.40,23.62,4.52,11.47,18.12,24.16,10.90
NUEVA GENERACION,5,SAN JOSE,Turrubares,5512.00,415.29,13.27,13.35,107.22,1679.00,3.27,44.91,3.51,92.73,6.44,22.26,72.94,21.40,23.62,4.52,11.47,18.12,24.16,10.90
RENOVACION COSTARRICENSE,8,SAN JOSE,Turrubares,5512.00,415.29,13.27,13.35,107.22,1679.00,3.27,44.91,3.51,92.73,6.44,22.26,72.94,21.40,23.62,4.52,11.47,18.12,24.16,10.90
REPUBLICANO SOCIAL CRISTIANO,133,SAN JOSE,Turrubares,5512.00,415.29,13.27,13.35,107.22,1679.00,3.27,44.91,3.51,92.73,6.44,22.26,72.94,21.40,23.62,4.52,11.47,18.12,24.16,10.90
RESTAURACION NACIONAL,367,SAN JOSE,Turrubares,5512.00,415.29,13.27,13.35,107.22,1679.00,3.27,44.91,3.51,92.73,6.44,22.26,72.94,21.40,23.62,4.52,11.47,18.12,24.16,10.90
UNIDAD SOCIAL CRISTIANA,612,SAN JOSE,Turrubares,5512.00,415.29,13.27,13.35,107.22,1679.00,3.27,44.91,3.51,92.73,6.44,22.26,72.94,21.40,23.62,4.52,11.47,18.12,24.16,10.90
VOTOS NULOS,15,SAN JOSE,Turrubares,5512.00,415.29,13.27,13.35,107.22,1679.00,3.27,44.91,3.51,92.73,6.44,22.26,72.94,21.40,23.62,4.52,11.47,18.12,24.16,10.90
VOTOS BLANCOS,7,SAN JOSE,Turrubares,5512.00,415.29,13.27,13.35,107.22,1679.00,3.27,44.91,3.51,92.73,6.44,22.26,72.94,21.40,23.62,4.52,11.47,18.12,24.16,10.90
ACCESIBILIDAD SIN EXCLUSION,17,SAN JOSE,Dota,6948.00,400.22,17.36,30.63,95.77,1952.00,3.54,74.28,2.66,96.21,7.29,25.30,76.61,27.06,18.52,7.10,8.25,15.10,23.64,6.20
ACCION CIUDADANA,1243,SAN JOSE,Dota,6948.00,400.22,17.36,30.63,95.77,1952.00,3.54,74.28,2.66,96.21,7.29,25.30,76.61,27.06,18.52,7.10,8.25,15.10,23.64,6.20
ALIANZA DEMOCRATA CRISTIANA,8,SAN JOSE,Dota,6948.00,400.22,17.36,30.63,95.77,1952.00,3.54,74.28,2.66,96.21,7.29,25.30,76.61,27.06,18.52,7.10,8.25,15.10,23.64,6.20
DE LOS TRABAJADORES,10,SAN JOSE,Dota,6948.00,400.22,17.36,30.63,95.77,1952.00,3.54,74.28,2.66,96.21,7.29,25.30,76.61,27.06,18.52,7.10,8.25,15.10,23.64,6.20
FRENTE AMPLIO,41,SAN JOSE,Dota,6948.00,400.22,17.36,30.63,95.77,1952.00,3.54,74.28,2.66,96.21,7.29,25.30,76.61,27.06,18.52,7.10,8.25,15.10,23.64,6.20
INTEGRACION NACIONAL,299,SAN JOSE,Dota,6948.00,400.22,17.36,30.63,95.77,1952.00,3.54,74.28,2.66,96.21,7.29,25.30,76.61,27.06,18.52,7.10,8.25,15.10,23.64,6.20
LIBERACION NACIONAL,764,SAN JOSE,Dota,6948.00,400.22,17.36,30.63,95.77,1952.00,3.54,74.28,2.66,96.21,7.29,25.30,76.61,27.06,18.52,7.10,8.25,15.10,23.64,6.20
MOVIMIENTO LIBERTARIO,18,SAN JOSE,Dota,6948.00,400.22,17.36,30.63,95.77,1952.00,3.54,74.28,2.66,96.21,7.29,25.30,76.61,27.06,18.52,7.10,8.25,15.10,23.64,6.20
NUEVA GENERACION,31,SAN JOSE,Dota,6948.00,400.22,17.36,30.63,95.77,1952.00,3.54,74.28,2.66,96.21,7.29,25.30,76.61,27.06,18.52,7.10,8.25,15.10,23.64,6.20
RENOVACION COSTARRICENSE,24,SAN JOSE,Dota,6948.00,400.22,17.36,30.63,95.77,1952.00,3.54,74.28,2.66,96.21,7.29,25.30,76.61,27.06,18.52,7.10,8.25,15.10,23.64,6.20
REPUBLICANO SOCIAL CRISTIANO,217,SAN JOSE,Dota,6948.00,400.22,17.36,30.63,95.77,1952.00,3.54,74.28,2.66,96.21,7.29,25.30,76.61,27.06,18.52,7.10,8.25,15.10,23.64,6.20
RESTAURACION NACIONAL,400,SAN JOSE,Dota,6948.00,400.22,17.36,30.63,95.77,1952.00,3.54,74.28,2.66,96.21,7.29,25.30,76.61,27.06,18.52,7.10,8.25,15.10,23.64,6.20
UNIDAD SOCIAL CRISTIANA,565,SAN JOSE,Dota,6948.00,400.22,17.36,30.63,95.77,1952.00,3.54,74.28,2.66,96.21,7.29,25.30,76.61,27.06,18.52,7.10,8.25,15.10,23.64,6.20
VOTOS NULOS,41,SAN JOSE,Dota,6948.00,400.22,17.36,30.63,95.77,1952.00,3.54,74.28,2.66,96.21,7.29,25.30,76.61,27.06,18.52,7.10,8.25,15.10,23.64,6.20
VOTOS BLANCOS,8,SAN JOSE,Dota,6948.00,400.22,17.36,30.63,95.77,1952.00,3.54,74.28,2.66,96.21,7.29,25.30,76.61,27.06,18.52,7.10,8.25,15.10,23.64,6.20
ACCESIBILIDAD SIN EXCLUSION,100,SAN JOSE,Curridabat,65206.00,15.95,4088.15,100.00,88.37,19146.00,3.40,74.41,4.31,98.81,10.94,31.45,72.57,47.06,12.08,15.21,9.48,13.29,35.22,8.46
ACCION CIUDADANA,9016,SAN JOSE,Curridabat,65206.00,15.95,4088.15,100.00,88.37,19146.00,3.40,74.41,4.31,98.81,10.94,31.45,72.57,47.06,12.08,15.21,9.48,13.29,35.22,8.46
ALIANZA DEMOCRATA CRISTIANA,128,SAN JOSE,Curridabat,65206.00,15.95,4088.15,100.00,88.37,19146.00,3.40,74.41,4.31,98.81,10.94,31.45,72.57,47.06,12.08,15.21,9.48,13.29,35.22,8.46
DE LOS TRABAJADORES,62,SAN JOSE,Curridabat,65206.00,15.95,4088.15,100.00,88.37,19146.00,3.40,74.41,4.31,98.81,10.94,31.45,72.57,47.06,12.08,15.21,9.48,13.29,35.22,8.46
FRENTE AMPLIO,294,SAN JOSE,Curridabat,65206.00,15.95,4088.15,100.00,88.37,19146.00,3.40,74.41,4.31,98.81,10.94,31.45,72.57,47.06,12.08,15.21,9.48,13.29,35.22,8.46
INTEGRACION NACIONAL,2598,SAN JOSE,Curridabat,65206.00,15.95,4088.15,100.00,88.37,19146.00,3.40,74.41,4.31,98.81,10.94,31.45,72.57,47.06,12.08,15.21,9.48,13.29,35.22,8.46
LIBERACION NACIONAL,6728,SAN JOSE,Curridabat,65206.00,15.95,4088.15,100.00,88.37,19146.00,3.40,74.41,4.31,98.81,10.94,31.45,72.57,47.06,12.08,15.21,9.48,13.29,35.22,8.46
MOVIMIENTO LIBERTARIO,351,SAN JOSE,Curridabat,65206.00,15.95,4088.15,100.00,88.37,19146.00,3.40,74.41,4.31,98.81,10.94,31.45,72.57,47.06,12.08,15.21,9.48,13.29,35.22,8.46
NUEVA GENERACION,277,SAN JOSE,Curridabat,65206.00,15.95,4088.15,100.00,88.37,19146.00,3.40,74.41,4.31,98.81,10.94,31.45,72.57,47.06,12.08,15.21,9.48,13.29,35.22,8.46
RENOVACION COSTARRICENSE,122,SAN JOSE,Curridabat,65206.00,15.95,4088.15,100.00,88.37,19146.00,3.40,74.41,4.31,98.81,10.94,31.45,72.57,47.06,12.08,15.21,9.48,13.29,35.22,8.46
REPUBLICANO SOCIAL CRISTIANO,1074,SAN JOSE,Curridabat,65206.00,15.95,4088.15,100.00,88.37,19146.00,3.40,74.41,4.31,98.81,10.94,31.45,72.57,47.06,12.08,15.21,9.48,13.29,35.22,8.46
RESTAURACION NACIONAL,6153,SAN JOSE,Curridabat,65206.00,15.95,4088.15,100.00,88.37,19146.00,3.40,74.41,4.31,98.81,10.94,31.45,72.57,47.06,12.08,15.21,9.48,13.29,35.22,8.46
UNIDAD SOCIAL CRISTIANA,7929,SAN JOSE,Curridabat,65206.00,15.95,4088.15,100.00,88.37,19146.00,3.40,74.41,4.31,98.81,10.94,31.45,72.57,47.06,12.08,15.21,9.48,13.29,35.22,8.46
VOTOS NULOS,174,SAN JOSE,Curridabat,65206.00,15.95,4088.15,100.00,88.37,19146.00,3.40,74.41,4.31,98.81,10.94,31.45,72.57,47.06,12.08,15.21,9.48,13.29,35.22,8.46
VOTOS BLANCOS,26,SAN JOSE,Curridabat,65206.00,15.95,4088.15,100.00,88.37,19146.00,3.40,74.41,4.31,98.81,10.94,31.45,72.57,47.06,12.08,15.21,9.48,13.29,35.22,8.46
ACCESIBILIDAD SIN EXCLUSION,320,SAN JOSE,Perez Zeledon,134534.00,1905.51,70.60,48.50,94.57,38508.00,3.48,63.12,3.44,96.05,7.26,26.06,70.78,27.25,13.97,2.51,10.95,12.87,29.28,7.76
ACCION CIUDADANA,11554,SAN JOSE,Perez Zeledon,134534.00,1905.51,70.60,48.50,94.57,38508.00,3.48,63.12,3.44,96.05,7.26,26.06,70.78,27.25,13.97,2.51,10.95,12.87,29.28,7.76
ALIANZA DEMOCRATA CRISTIANA,209,SAN JOSE,Perez Zeledon,134534.00,1905.51,70.60,48.50,94.57,38508.00,3.48,63.12,3.44,96.05,7.26,26.06,70.78,27.25,13.97,2.51,10.95,12.87,29.28,7.76
DE LOS TRABAJADORES,153,SAN JOSE,Perez Zeledon,134534.00,1905.51,70.60,48.50,94.57,38508.00,3.48,63.12,3.44,96.05,7.26,26.06,70.78,27.25,13.97,2.51,10.95,12.87,29.28,7.76
FRENTE AMPLIO,562,SAN JOSE,Perez Zeledon,134534.00,1905.51,70.60,48.50,94.57,38508.00,3.48,63.12,3.44,96.05,7.26,26.06,70.78,27.25,13.97,2.51,10.95,12.87,29.28,7.76
INTEGRACION NACIONAL,5914,SAN JOSE,Perez Zeledon,134534.00,1905.51,70.60,48.50,94.57,38508.00,3.48,63.12,3.44,96.05,7.26,26.06,70.78,27.25,13.97,2.51,10.95,12.87,29.28,7.76
LIBERACION NACIONAL,11294,SAN JOSE,Perez Zeledon,134534.00,1905.51,70.60,48.50,94.57,38508.00,3.48,63.12,3.44,96.05,7.26,26.06,70.78,27.25,13.97,2.51,10.95,12.87,29.28,7.76
MOVIMIENTO LIBERTARIO,583,SAN JOSE,Perez Zeledon,134534.00,1905.51,70.60,48.50,94.57,38508.00,3.48,63.12,3.44,96.05,7.26,26.06,70.78,27.25,13.97,2.51,10.95,12.87,29.28,7.76
NUEVA GENERACION,431,SAN JOSE,Perez Zeledon,134534.00,1905.51,70.60,48.50,94.57,38508.00,3.48,63.12,3.44,96.05,7.26,26.06,70.78,27.25,13.97,2.51,10.95,12.87,29.28,7.76
RENOVACION COSTARRICENSE,448,SAN JOSE,Perez Zeledon,134534.00,1905.51,70.60,48.50,94.57,38508.00,3.48,63.12,3.44,96.05,7.26,26.06,70.78,27.25,13.97,2.51,10.95,12.87,29.28,7.76
REPUBLICANO SOCIAL CRISTIANO,3771,SAN JOSE,Perez Zeledon,134534.00,1905.51,70.60,48.50,94.57,38508.00,3.48,63.12,3.44,96.05,7.26,26.06,70.78,27.25,13.97,2.51,10.95,12.87,29.28,7.76
RESTAURACION NACIONAL,20444,SAN JOSE,Perez Zeledon,134534.00,1905.51,70.60,48.50,94.57,38508.00,3.48,63.12,3.44,96.05,7.26,26.06,70.78,27.25,13.97,2.51,10.95,12.87,29.28,7.76
UNIDAD SOCIAL CRISTIANA,15869,SAN JOSE,Perez Zeledon,134534.00,1905.51,70.60,48.50,94.57,38508.00,3.48,63.12,3.44,96.05,7.26,26.06,70.78,27.25,13.97,2.51,10.95,12.87,29.28,7.76
VOTOS NULOS,825,SAN JOSE,Perez Zeledon,134534.00,1905.51,70.60,48.50,94.57,38508.00,3.48,63.12,3.44,96.05,7.26,26.06,70.78,27.25,13.97,2.51,10.95,12.87,29.28,7.76
VOTOS BLANCOS,235,SAN JOSE,Perez Zeledon,134534.00,1905.51,70.60,48.50,94.57,38508.00,3.48,63.12,3.44,96.05,7.26,26.06,70.78,27.25,13.97,2.51,10.95,12.87,29.28,7.76
ACCESIBILIDAD SIN EXCLUSION,20,SAN JOSE,Leon Cortes,12200.00,120.80,100.99,40.52,101.32,3377.00,3.61,57.63,2.61,95.30,6.39,20.82,75.87,18.42,15.95,4.11,9.63,13.02,21.71,5.69
ACCION CIUDADANA,1479,SAN JOSE,Leon Cortes,12200.00,120.80,100.99,40.52,101.32,3377.00,3.61,57.63,2.61,95.30,6.39,20.82,75.87,18.42,15.95,4.11,9.63,13.02,21.71,5.69
ALIANZA DEMOCRATA CRISTIANA,16,SAN JOSE,Leon Cortes,12200.00,120.80,100.99,40.52,101.32,3377.00,3.61,57.63,2.61,95.30,6.39,20.82,75.87,18.42,15.95,4.11,9.63,13.02,21.71,5.69
DE LOS TRABAJADORES,12,SAN JOSE,Leon Cortes,12200.00,120.80,100.99,40.52,101.32,3377.00,3.61,57.63,2.61,95.30,6.39,20.82,75.87,18.42,15.95,4.11,9.63,13.02,21.71,5.69
FRENTE AMPLIO,51,SAN JOSE,Leon Cortes,12200.00,120.80,100.99,40.52,101.32,3377.00,3.61,57.63,2.61,95.30,6.39,20.82,75.87,18.42,15.95,4.11,9.63,13.02,21.71,5.69
INTEGRACION NACIONAL,429,SAN JOSE,Leon Cortes,12200.00,120.80,100.99,40.52,101.32,3377.00,3.61,57.63,2.61,95.30,6.39,20.82,75.87,18.42,15.95,4.11,9.63,13.02,21.71,5.69
LIBERACION NACIONAL,1344,SAN JOSE,Leon Cortes,12200.00,120.80,100.99,40.52,101.32,3377.00,3.61,57.63,2.61,95.30,6.39,20.82,75.87,18.42,15.95,4.11,9.63,13.02,21.71,5.69
MOVIMIENTO LIBERTARIO,62,SAN JOSE,Leon Cortes,12200.00,120.80,100.99,40.52,101.32,3377.00,3.61,57.63,2.61,95.30,6.39,20.82,75.87,18.42,15.95,4.11,9.63,13.02,21.71,5.69
NUEVA GENERACION,39,SAN JOSE,Leon Cortes,12200.00,120.80,100.99,40.52,101.32,3377.00,3.61,57.63,2.61,95.30,6.39,20.82,75.87,18.42,15.95,4.11,9.63,13.02,21.71,5.69
RENOVACION COSTARRICENSE,59,SAN JOSE,Leon Cortes,12200.00,120.80,100.99,40.52,101.32,3377.00,3.61,57.63,2.61,95.30,6.39,20.82,75.87,18.42,15.95,4.11,9.63,13.02,21.71,5.69
REPUBLICANO SOCIAL CRISTIANO,473,SAN JOSE,Leon Cortes,12200.00,120.80,100.99,40.52,101.32,3377.00,3.61,57.63,2.61,95.30,6.39,20.82,75.87,18.42,15.95,4.11,9.63,13.02,21.71,5.69
RESTAURACION NACIONAL,725,SAN JOSE,Leon Cortes,12200.00,120.80,100.99,40.52,101.32,3377.00,3.61,57.63,2.61,95.30,6.39,20.82,75.87,18.42,15.95,4.11,9.63,13.02,21.71,5.69
UNIDAD SOCIAL CRISTIANA,1116,SAN JOSE,Leon Cortes,12200.00,120.80,100.99,40.52,101.32,3377.00,3.61,57.63,2.61,95.30,6.39,20.82,75.87,18.42,15.95,4.11,9.63,13.02,21.71,5.69
VOTOS NULOS,62,SAN JOSE,Leon Cortes,12200.00,120.80,100.99,40.52,101.32,3377.00,3.61,57.63,2.61,95.30,6.39,20.82,75.87,18.42,15.95,4.11,9.63,13.02,21.71,5.69
VOTOS BLANCOS,27,SAN JOSE,Leon Cortes,12200.00,120.80,100.99,40.52,101.32,3377.00,3.61,57.63,2.61,95.30,6.39,20.82,75.87,18.42,15.95,4.11,9.63,13.02,21.71,5.69
ACCESIBILIDAD SIN EXCLUSION,270,CARTAGO,Central,147898.00,287.77,513.95,88.69,96.13,38618.00,3.80,74.15,2.93,97.94,8.97,30.53,72.22,35.26,13.70,3.87,8.60,13.92,28.70,6.42
ACCION CIUDADANA,24665,CARTAGO,Central,147898.00,287.77,513.95,88.69,96.13,38618.00,3.80,74.15,2.93,97.94,8.97,30.53,72.22,35.26,13.70,3.87,8.60,13.92,28.70,6.42
ALIANZA DEMOCRATA CRISTIANA,3295,CARTAGO,Central,147898.00,287.77,513.95,88.69,96.13,38618.00,3.80,74.15,2.93,97.94,8.97,30.53,72.22,35.26,13.70,3.87,8.60,13.92,28.70,6.42
DE LOS TRABAJADORES,174,CARTAGO,Central,147898.00,287.77,513.95,88.69,96.13,38618.00,3.80,74.15,2.93,97.94,8.97,30.53,72.22,35.26,13.70,3.87,8.60,13.92,28.70,6.42
FRENTE AMPLIO,575,CARTAGO,Central,147898.00,287.77,513.95,88.69,96.13,38618.00,3.80,74.15,2.93,97.94,8.97,30.53,72.22,35.26,13.70,3.87,8.60,13.92,28.70,6.42
INTEGRACION NACIONAL,9491,CARTAGO,Central,147898.00,287.77,513.95,88.69,96.13,38618.00,3.80,74.15,2.93,97.94,8.97,30.53,72.22,35.26,13.70,3.87,8.60,13.92,28.70,6.42
LIBERACION NACIONAL,19042,CARTAGO,Central,147898.00,287.77,513.95,88.69,96.13,38618.00,3.80,74.15,2.93,97.94,8.97,30.53,72.22,35.26,13.70,3.87,8.60,13.92,28.70,6.42
MOVIMIENTO LIBERTARIO,951,CARTAGO,Central,147898.00,287.77,513.95,88.69,96.13,38618.00,3.80,74.15,2.93,97.94,8.97,30.53,72.22,35.26,13.70,3.87,8.60,13.92,28.70,6.42
NUEVA GENERACION,856,CARTAGO,Central,147898.00,287.77,513.95,88.69,96.13,38618.00,3.80,74.15,2.93,97.94,8.97,30.53,72.22,35.26,13.70,3.87,8.60,13.92,28.70,6.42
RENOVACION COSTARRICENSE,613,CARTAGO,Central,147898.00,287.77,513.95,88.69,96.13,38618.00,3.80,74.15,2.93,97.94,8.97,30.53,72.22,35.26,13.70,3.87,8.60,13.92,28.70,6.42
REPUBLICANO SOCIAL CRISTIANO,5269,CARTAGO,Central,147898.00,287.77,513.95,88.69,96.13,38618.00,3.80,74.15,2.93,97.94,8.97,30.53,72.22,35.26,13.70,3.87,8.60,13.92,28.70,6.42
RESTAURACION NACIONAL,10318,CARTAGO,Central,147898.00,287.77,513.95,88.69,96.13,38618.00,3.80,74.15,2.93,97.94,8.97,30.53,72.22,35.26,13.70,3.87,8.60,13.92,28.70,6.42
UNIDAD SOCIAL CRISTIANA,13872,CARTAGO,Central,147898.00,287.77,513.95,88.69,96.13,38618.00,3.80,74.15,2.93,97.94,8.97,30.53,72.22,35.26,13.70,3.87,8.60,13.92,28.70,6.42
VOTOS NULOS,1108,CARTAGO,Central,147898.00,287.77,513.95,88.69,96.13,38618.00,3.80,74.15,2.93,97.94,8.97,30.53,72.22,35.26,13.70,3.87,8.60,13.92,28.70,6.42
VOTOS BLANCOS,184,CARTAGO,Central,147898.00,287.77,513.95,88.69,96.13,38618.00,3.80,74.15,2.93,97.94,8.97,30.53,72.22,35.26,13.70,3.87,8.60,13.92,28.70,6.42
ACCESIBILIDAD SIN EXCLUSION,212,CARTAGO,Paraiso,57743.00,411.91,140.18,76.91,95.91,14626.00,3.94,70.77,4.03,97.23,7.53,24.93,74.17,29.92,13.85,2.40,8.05,13.46,25.96,4.87
ACCION CIUDADANA,8478,CARTAGO,Paraiso,57743.00,411.91,140.18,76.91,95.91,14626.00,3.94,70.77,4.03,97.23,7.53,24.93,74.17,29.92,13.85,2.40,8.05,13.46,25.96,4.87
ALIANZA DEMOCRATA CRISTIANA,421,CARTAGO,Paraiso,57743.00,411.91,140.18,76.91,95.91,14626.00,3.94,70.77,4.03,97.23,7.53,24.93,74.17,29.92,13.85,2.40,8.05,13.46,25.96,4.87
DE LOS TRABAJADORES,69,CARTAGO,Paraiso,57743.00,411.91,140.18,76.91,95.91,14626.00,3.94,70.77,4.03,97.23,7.53,24.93,74.17,29.92,13.85,2.40,8.05,13.46,25.96,4.87
FRENTE AMPLIO,268,CARTAGO,Paraiso,57743.00,411.91,140.18,76.91,95.91,14626.00,3.94,70.77,4.03,97.23,7.53,24.93,74.17,29.92,13.85,2.40,8.05,13.46,25.96,4.87
INTEGRACION NACIONAL,6342,CARTAGO,Paraiso,57743.00,411.91,140.18,76.91,95.91,14626.00,3.94,70.77,4.03,97.23,7.53,24.93,74.17,29.92,13.85,2.40,8.05,13.46,25.96,4.87
LIBERACION NACIONAL,5418,CARTAGO,Paraiso,57743.00,411.91,140.18,76.91,95.91,14626.00,3.94,70.77,4.03,97.23,7.53,24.93,74.17,29.92,13.85,2.40,8.05,13.46,25.96,4.87
MOVIMIENTO LIBERTARIO,316,CARTAGO,Paraiso,57743.00,411.91,140.18,76.91,95.91,14626.00,3.94,70.77,4.03,97.23,7.53,24.93,74.17,29.92,13.85,2.40,8.05,13.46,25.96,4.87
NUEVA GENERACION,269,CARTAGO,Paraiso,57743.00,411.91,140.18,76.91,95.91,14626.00,3.94,70.77,4.03,97.23,7.53,24.93,74.17,29.92,13.85,2.40,8.05,13.46,25.96,4.87
RENOVACION COSTARRICENSE,282,CARTAGO,Paraiso,57743.00,411.91,140.18,76.91,95.91,14626.00,3.94,70.77,4.03,97.23,7.53,24.93,74.17,29.92,13.85,2.40,8.05,13.46,25.96,4.87
REPUBLICANO SOCIAL CRISTIANO,2872,CARTAGO,Paraiso,57743.00,411.91,140.18,76.91,95.91,14626.00,3.94,70.77,4.03,97.23,7.53,24.93,74.17,29.92,13.85,2.40,8.05,13.46,25.96,4.87
RESTAURACION NACIONAL,4613,CARTAGO,Paraiso,57743.00,411.91,140.18,76.91,95.91,14626.00,3.94,70.77,4.03,97.23,7.53,24.93,74.17,29.92,13.85,2.40,8.05,13.46,25.96,4.87
UNIDAD SOCIAL CRISTIANA,3900,CARTAGO,Paraiso,57743.00,411.91,140.18,76.91,95.91,14626.00,3.94,70.77,4.03,97.23,7.53,24.93,74.17,29.92,13.85,2.40,8.05,13.46,25.96,4.87
VOTOS NULOS,460,CARTAGO,Paraiso,57743.00,411.91,140.18,76.91,95.91,14626.00,3.94,70.77,4.03,97.23,7.53,24.93,74.17,29.92,13.85,2.40,8.05,13.46,25.96,4.87
VOTOS BLANCOS,89,CARTAGO,Paraiso,57743.00,411.91,140.18,76.91,95.91,14626.00,3.94,70.77,4.03,97.23,7.53,24.93,74.17,29.92,13.85,2.40,8.05,13.46,25.96,4.87
ACCESIBILIDAD SIN EXCLUSION,192,CARTAGO,La Union,99399.00,44.83,2217.24,96.99,93.18,26979.00,3.67,69.67,4.66,98.28,9.51,28.72,75.39,44.66,12.95,9.65,9.41,14.14,31.55,8.36
ACCION CIUDADANA,11902,CARTAGO,La Union,99399.00,44.83,2217.24,96.99,93.18,26979.00,3.67,69.67,4.66,98.28,9.51,28.72,75.39,44.66,12.95,9.65,9.41,14.14,31.55,8.36
ALIANZA DEMOCRATA CRISTIANA,397,CARTAGO,La Union,99399.00,44.83,2217.24,96.99,93.18,26979.00,3.67,69.67,4.66,98.28,9.51,28.72,75.39,44.66,12.95,9.65,9.41,14.14,31.55,8.36
DE LOS TRABAJADORES,83,CARTAGO,La Union,99399.00,44.83,2217.24,96.99,93.18,26979.00,3.67,69.67,4.66,98.28,9.51,28.72,75.39,44.66,12.95,9.65,9.41,14.14,31.55,8.36
FRENTE AMPLIO,378,CARTAGO,La Union,99399.00,44.83,2217.24,96.99,93.18,26979.00,3.67,69.67,4.66,98.28,9.51,28.72,75.39,44.66,12.95,9.65,9.41,14.14,31.55,8.36
INTEGRACION NACIONAL,4145,CARTAGO,La Union,99399.00,44.83,2217.24,96.99,93.18,26979.00,3.67,69.67,4.66,98.28,9.51,28.72,75.39,44.66,12.95,9.65,9.41,14.14,31.55,8.36
LIBERACION NACIONAL,8441,CARTAGO,La Union,99399.00,44.83,2217.24,96.99,93.18,26979.00,3.67,69.67,4.66,98.28,9.51,28.72,75.39,44.66,12.95,9.65,9.41,14.14,31.55,8.36
MOVIMIENTO LIBERTARIO,599,CARTAGO,La Union,99399.00,44.83,2217.24,96.99,93.18,26979.00,3.67,69.67,4.66,98.28,9.51,28.72,75.39,44.66,12.95,9.65,9.41,14.14,31.55,8.36
NUEVA GENERACION,468,CARTAGO,La Union,99399.00,44.83,2217.24,96.99,93.18,26979.00,3.67,69.67,4.66,98.28,9.51,28.72,75.39,44.66,12.95,9.65,9.41,14.14,31.55,8.36
RENOVACION COSTARRICENSE,300,CARTAGO,La Union,99399.00,44.83,2217.24,96.99,93.18,26979.00,3.67,69.67,4.66,98.28,9.51,28.72,75.39,44.66,12.95,9.65,9.41,14.14,31.55,8.36
REPUBLICANO SOCIAL CRISTIANO,2501,CARTAGO,La Union,99399.00,44.83,2217.24,96.99,93.18,26979.00,3.67,69.67,4.66,98.28,9.51,28.72,75.39,44.66,12.95,9.65,9.41,14.14,31.55,8.36
RESTAURACION NACIONAL,10656,CARTAGO,La Union,99399.00,44.83,2217.24,96.99,93.18,26979.00,3.67,69.67,4.66,98.28,9.51,28.72,75.39,44.66,12.95,9.65,9.41,14.14,31.55,8.36
UNIDAD SOCIAL CRISTIANA,8706,CARTAGO,La Union,99399.00,44.83,2217.24,96.99,93.18,26979.00,3.67,69.67,4.66,98.28,9.51,28.72,75.39,44.66,12.95,9.65,9.41,14.14,31.55,8.36
VOTOS NULOS,369,CARTAGO,La Union,99399.00,44.83,2217.24,96.99,93.18,26979.00,3.67,69.67,4.66,98.28,9.51,28.72,75.39,44.66,12.95,9.65,9.41,14.14,31.55,8.36
VOTOS BLANCOS,73,CARTAGO,La Union,99399.00,44.83,2217.24,96.99,93.18,26979.00,3.67,69.67,4.66,98.28,9.51,28.72,75.39,44.66,12.95,9.65,9.41,14.14,31.55,8.36
ACCESIBILIDAD SIN EXCLUSION,37,CARTAGO,Jimenez,14669.00,286.43,51.21,52.57,98.90,4113.00,3.56,56.70,1.99,95.30,6.59,24.91,70.26,23.83,12.66,2.39,10.95,11.00,25.61,9.97
ACCION CIUDADANA,2042,CARTAGO,Jimenez,14669.00,286.43,51.21,52.57,98.90,4113.00,3.56,56.70,1.99,95.30,6.59,24.91,70.26,23.83,12.66,2.39,10.95,11.00,25.61,9.97
ALIANZA DEMOCRATA CRISTIANA,128,CARTAGO,Jimenez,14669.00,286.43,51.21,52.57,98.90,4113.00,3.56,56.70,1.99,95.30,6.59,24.91,70.26,23.83,12.66,2.39,10.95,11.00,25.61,9.97
DE LOS TRABAJADORES,19,CARTAGO,Jimenez,14669.00,286.43,51.21,52.57,98.90,4113.00,3.56,56.70,1.99,95.30,6.59,24.91,70.26,23.83,12.66,2.39,10.95,11.00,25.61,9.97
FRENTE AMPLIO,94,CARTAGO,Jimenez,14669.00,286.43,51.21,52.57,98.90,4113.00,3.56,56.70,1.99,95.30,6.59,24.91,70.26,23.83,12.66,2.39,10.95,11.00,25.61,9.97
INTEGRACION NACIONAL,776,CARTAGO,Jimenez,14669.00,286.43,51.21,52.57,98.90,4113.00,3.56,56.70,1.99,95.30,6.59,24.91,70.26,23.83,12.66,2.39,10.95,11.00,25.61,9.97
LIBERACION NACIONAL,2105,CARTAGO,Jimenez,14669.00,286.43,51.21,52.57,98.90,4113.00,3.56,56.70,1.99,95.30,6.59,24.91,70.26,23.83,12.66,2.39,10.95,11.00,25.61,9.97
MOVIMIENTO LIBERTARIO,72,CARTAGO,Jimenez,14669.00,286.43,51.21,52.57,98.90,4113.00,3.56,56.70,1.99,95.30,6.59,24.91,70.26,23.83,12.66,2.39,10.95,11.00,25.61,9.97
NUEVA GENERACION,81,CARTAGO,Jimenez,14669.00,286.43,51.21,52.57,98.90,4113.00,3.56,56.70,1.99,95.30,6.59,24.91,70.26,23.83,12.66,2.39,10.95,11.00,25.61,9.97
RENOVACION COSTARRICENSE,46,CARTAGO,Jimenez,14669.00,286.43,51.21,52.57,98.90,4113.00,3.56,56.70,1.99,95.30,6.59,24.91,70.26,23.83,12.66,2.39,10.95,11.00,25.61,9.97
REPUBLICANO SOCIAL CRISTIANO,748,CARTAGO,Jimenez,14669.00,286.43,51.21,52.57,98.90,4113.00,3.56,56.70,1.99,95.30,6.59,24.91,70.26,23.83,12.66,2.39,10.95,11.00,25.61,9.97
RESTAURACION NACIONAL,1319,CARTAGO,Jimenez,14669.00,286.43,51.21,52.57,98.90,4113.00,3.56,56.70,1.99,95.30,6.59,24.91,70.26,23.83,12.66,2.39,10.95,11.00,25.61,9.97
UNIDAD SOCIAL CRISTIANA,781,CARTAGO,Jimenez,14669.00,286.43,51.21,52.57,98.90,4113.00,3.56,56.70,1.99,95.30,6.59,24.91,70.26,23.83,12.66,2.39,10.95,11.00,25.61,9.97
VOTOS NULOS,148,CARTAGO,Jimenez,14669.00,286.43,51.21,52.57,98.90,4113.00,3.56,56.70,1.99,95.30,6.59,24.91,70.26,23.83,12.66,2.39,10.95,11.00,25.61,9.97
VOTOS BLANCOS,32,CARTAGO,Jimenez,14669.00,286.43,51.21,52.57,98.90,4113.00,3.56,56.70,1.99,95.30,6.59,24.91,70.26,23.83,12.66,2.39,10.95,11.00,25.61,9.97
ACCESIBILIDAD SIN EXCLUSION,127,CARTAGO,Turrialba,69616.00,1642.67,42.38,57.38,97.77,20453.00,3.40,64.89,3.44,94.78,7.42,28.68,67.74,28.09,14.85,2.17,11.71,12.57,26.54,8.27
ACCION CIUDADANA,10185,CARTAGO,Turrialba,69616.00,1642.67,42.38,57.38,97.77,20453.00,3.40,64.89,3.44,94.78,7.42,28.68,67.74,28.09,14.85,2.17,11.71,12.57,26.54,8.27
ALIANZA DEMOCRATA CRISTIANA,461,CARTAGO,Turrialba,69616.00,1642.67,42.38,57.38,97.77,20453.00,3.40,64.89,3.44,94.78,7.42,28.68,67.74,28.09,14.85,2.17,11.71,12.57,26.54,8.27
DE LOS TRABAJADORES,71,CARTAGO,Turrialba,69616.00,1642.67,42.38,57.38,97.77,20453.00,3.40,64.89,3.44,94.78,7.42,28.68,67.74,28.09,14.85,2.17,11.71,12.57,26.54,8.27
FRENTE AMPLIO,337,CARTAGO,Turrialba,69616.00,1642.67,42.38,57.38,97.77,20453.00,3.40,64.89,3.44,94.78,7.42,28.68,67.74,28.09,14.85,2.17,11.71,12.57,26.54,8.27
INTEGRACION NACIONAL,3022,CARTAGO,Turrialba,69616.00,1642.67,42.38,57.38,97.77,20453.00,3.40,64.89,3.44,94.78,7.42,28.68,67.74,28.09,14.85,2.17,11.71,12.57,26.54,8.27
LIBERACION NACIONAL,7631,CARTAGO,Turrialba,69616.00,1642.67,42.38,57.38,97.77,20453.00,3.40,64.89,3.44,94.78,7.42,28.68,67.74,28.09,14.85,2.17,11.71,12.57,26.54,8.27
MOVIMIENTO LIBERTARIO,292,CARTAGO,Turrialba,69616.00,1642.67,42.38,57.38,97.77,20453.00,3.40,64.89,3.44,94.78,7.42,28.68,67.74,28.09,14.85,2.17,11.71,12.57,26.54,8.27
NUEVA GENERACION,186,CARTAGO,Turrialba,69616.00,1642.67,42.38,57.38,97.77,20453.00,3.40,64.89,3.44,94.78,7.42,28.68,67.74,28.09,14.85,2.17,11.71,12.57,26.54,8.27
RENOVACION COSTARRICENSE,267,CARTAGO,Turrialba,69616.00,1642.67,42.38,57.38,97.77,20453.00,3.40,64.89,3.44,94.78,7.42,28.68,67.74,28.09,14.85,2.17,11.71,12.57,26.54,8.27
REPUBLICANO SOCIAL CRISTIANO,2024,CARTAGO,Turrialba,69616.00,1642.67,42.38,57.38,97.77,20453.00,3.40,64.89,3.44,94.78,7.42,28.68,67.74,28.09,14.85,2.17,11.71,12.57,26.54,8.27
RESTAURACION NACIONAL,7507,CARTAGO,Turrialba,69616.00,1642.67,42.38,57.38,97.77,20453.00,3.40,64.89,3.44,94.78,7.42,28.68,67.74,28.09,14.85,2.17,11.71,12.57,26.54,8.27
UNIDAD SOCIAL CRISTIANA,5237,CARTAGO,Turrialba,69616.00,1642.67,42.38,57.38,97.77,20453.00,3.40,64.89,3.44,94.78,7.42,28.68,67.74,28.09,14.85,2.17,11.71,12.57,26.54,8.27
VOTOS NULOS,506,CARTAGO,Turrialba,69616.00,1642.67,42.38,57.38,97.77,20453.00,3.40,64.89,3.44,94.78,7.42,28.68,67.74,28.09,14.85,2.17,11.71,12.57,26.54,8.27
VOTOS BLANCOS,138,CARTAGO,Turrialba,69616.00,1642.67,42.38,57.38,97.77,20453.00,3.40,64.89,3.44,94.78,7.42,28.68,67.74,28.09,14.85,2.17,11.71,12.57,26.54,8.27
ACCESIBILIDAD SIN EXCLUSION,33,CARTAGO,Alvarado,14312.00,81.06,176.56,62.58,100.25,3612.00,3.95,72.40,3.13,96.38,6.58,20.63,79.67,26.67,18.11,1.39,8.88,14.34,19.49,8.78
ACCION CIUDADANA,1938,CARTAGO,Alvarado,14312.00,81.06,176.56,62.58,100.25,3612.00,3.95,72.40,3.13,96.38,6.58,20.63,79.67,26.67,18.11,1.39,8.88,14.34,19.49,8.78
ALIANZA DEMOCRATA CRISTIANA,76,CARTAGO,Alvarado,14312.00,81.06,176.56,62.58,100.25,3612.00,3.95,72.40,3.13,96.38,6.58,20.63,79.67,26.67,18.11,1.39,8.88,14.34,19.49,8.78
DE LOS TRABAJADORES,19,CARTAGO,Alvarado,14312.00,81.06,176.56,62.58,100.25,3612.00,3.95,72.40,3.13,96.38,6.58,20.63,79.67,26.67,18.11,1.39,8.88,14.34,19.49,8.78
FRENTE AMPLIO,25,CARTAGO,Alvarado,14312.00,81.06,176.56,62.58,100.25,3612.00,3.95,72.40,3.13,96.38,6.58,20.63,79.67,26.67,18.11,1.39,8.88,14.34,19.49,8.78
INTEGRACION NACIONAL,735,CARTAGO,Alvarado,14312.00,81.06,176.56,62.58,100.25,3612.00,3.95,72.40,3.13,96.38,6.58,20.63,79.67,26.67,18.11,1.39,8.88,14.34,19.49,8.78
LIBERACION NACIONAL,1562,CARTAGO,Alvarado,14312.00,81.06,176.56,62.58,100.25,3612.00,3.95,72.40,3.13,96.38,6.58,20.63,79.67,26.67,18.11,1.39,8.88,14.34,19.49,8.78
MOVIMIENTO LIBERTARIO,59,CARTAGO,Alvarado,14312.00,81.06,176.56,62.58,100.25,3612.00,3.95,72.40,3.13,96.38,6.58,20.63,79.67,26.67,18.11,1.39,8.88,14.34,19.49,8.78
NUEVA GENERACION,96,CARTAGO,Alvarado,14312.00,81.06,176.56,62.58,100.25,3612.00,3.95,72.40,3.13,96.38,6.58,20.63,79.67,26.67,18.11,1.39,8.88,14.34,19.49,8.78
RENOVACION COSTARRICENSE,57,CARTAGO,Alvarado,14312.00,81.06,176.56,62.58,100.25,3612.00,3.95,72.40,3.13,96.38,6.58,20.63,79.67,26.67,18.11,1.39,8.88,14.34,19.49,8.78
REPUBLICANO SOCIAL CRISTIANO,705,CARTAGO,Alvarado,14312.00,81.06,176.56,62.58,100.25,3612.00,3.95,72.40,3.13,96.38,6.58,20.63,79.67,26.67,18.11,1.39,8.88,14.34,19.49,8.78
RESTAURACION NACIONAL,925,CARTAGO,Alvarado,14312.00,81.06,176.56,62.58,100.25,3612.00,3.95,72.40,3.13,96.38,6.58,20.63,79.67,26.67,18.11,1.39,8.88,14.34,19.49,8.78
UNIDAD SOCIAL CRISTIANA,964,CARTAGO,Alvarado,14312.00,81.06,176.56,62.58,100.25,3612.00,3.95,72.40,3.13,96.38,6.58,20.63,79.67,26.67,18.11,1.39,8.88,14.34,19.49,8.78
VOTOS NULOS,134,CARTAGO,Alvarado,14312.00,81.06,176.56,62.58,100.25,3612.00,3.95,72.40,3.13,96.38,6.58,20.63,79.67,26.67,18.11,1.39,8.88,14.34,19.49,8.78
VOTOS BLANCOS,32,CARTAGO,Alvarado,14312.00,81.06,176.56,62.58,100.25,3612.00,3.95,72.40,3.13,96.38,6.58,20.63,79.67,26.67,18.11,1.39,8.88,14.34,19.49,8.78
ACCESIBILIDAD SIN EXCLUSION,100,CARTAGO,Oreamuno,45473.00,201.31,225.89,87.46,95.70,11232.00,4.04,76.66,3.95,96.95,8.11,27.28,75.78,33.50,17.21,1.42,8.29,15.65,26.04,7.25
ACCION CIUDADANA,7171,CARTAGO,Oreamuno,45473.00,201.31,225.89,87.46,95.70,11232.00,4.04,76.66,3.95,96.95,8.11,27.28,75.78,33.50,17.21,1.42,8.29,15.65,26.04,7.25
ALIANZA DEMOCRATA CRISTIANA,602,CARTAGO,Oreamuno,45473.00,201.31,225.89,87.46,95.70,11232.00,4.04,76.66,3.95,96.95,8.11,27.28,75.78,33.50,17.21,1.42,8.29,15.65,26.04,7.25
DE LOS TRABAJADORES,52,CARTAGO,Oreamuno,45473.00,201.31,225.89,87.46,95.70,11232.00,4.04,76.66,3.95,96.95,8.11,27.28,75.78,33.50,17.21,1.42,8.29,15.65,26.04,7.25
FRENTE AMPLIO,285,CARTAGO,Oreamuno,45473.00,201.31,225.89,87.46,95.70,11232.00,4.04,76.66,3.95,96.95,8.11,27.28,75.78,33.50,17.21,1.42,8.29,15.65,26.04,7.25
INTEGRACION NACIONAL,2779,CARTAGO,Oreamuno,45473.00,201.31,225.89,87.46,95.70,11232.00,4.04,76.66,3.95,96.95,8.11,27.28,75.78,33.50,17.21,1.42,8.29,15.65,26.04,7.25
LIBERACION NACIONAL,5452,CARTAGO,Oreamuno,45473.00,201.31,225.89,87.46,95.70,11232.00,4.04,76.66,3.95,96.95,8.11,27.28,75.78,33.50,17.21,1.42,8.29,15.65,26.04,7.25
MOVIMIENTO LIBERTARIO,259,CARTAGO,Oreamuno,45473.00,201.31,225.89,87.46,95.70,11232.00,4.04,76.66,3.95,96.95,8.11,27.28,75.78,33.50,17.21,1.42,8.29,15.65,26.04,7.25
NUEVA GENERACION,189,CARTAGO,Oreamuno,45473.00,201.31,225.89,87.46,95.70,11232.00,4.04,76.66,3.95,96.95,8.11,27.28,75.78,33.50,17.21,1.42,8.29,15.65,26.04,7.25
RENOVACION COSTARRICENSE,220,CARTAGO,Oreamuno,45473.00,201.31,225.89,87.46,95.70,11232.00,4.04,76.66,3.95,96.95,8.11,27.28,75.78,33.50,17.21,1.42,8.29,15.65,26.04,7.25
REPUBLICANO SOCIAL CRISTIANO,1815,CARTAGO,Oreamuno,45473.00,201.31,225.89,87.46,95.70,11232.00,4.04,76.66,3.95,96.95,8.11,27.28,75.78,33.50,17.21,1.42,8.29,15.65,26.04,7.25
RESTAURACION NACIONAL,2985,CARTAGO,Oreamuno,45473.00,201.31,225.89,87.46,95.70,11232.00,4.04,76.66,3.95,96.95,8.11,27.28,75.78,33.50,17.21,1.42,8.29,15.65,26.04,7.25
UNIDAD SOCIAL CRISTIANA,3770,CARTAGO,Oreamuno,45473.00,201.31,225.89,87.46,95.70,11232.00,4.04,76.66,3.95,96.95,8.11,27.28,75.78,33.50,17.21,1.42,8.29,15.65,26.04,7.25
VOTOS NULOS,396,CARTAGO,Oreamuno,45473.00,201.31,225.89,87.46,95.70,11232.00,4.04,76.66,3.95,96.95,8.11,27.28,75.78,33.50,17.21,1.42,8.29,15.65,26.04,7.25
VOTOS BLANCOS,60,CARTAGO,Oreamuno,45473.00,201.31,225.89,87.46,95.70,11232.00,4.04,76.66,3.95,96.95,8.11,27.28,75.78,33.50,17.21,1.42,8.29,15.65,26.04,7.25
ACCESIBILIDAD SIN EXCLUSION,90,CARTAGO,El Guarco,41793.00,167.69,249.23,87.66,101.55,10831.00,3.83,73.24,2.47,97.89,8.34,26.76,75.45,34.77,12.94,2.79,8.11,13.03,23.74,7.29
ACCION CIUDADANA,6147,CARTAGO,El Guarco,41793.00,167.69,249.23,87.66,101.55,10831.00,3.83,73.24,2.47,97.89,8.34,26.76,75.45,34.77,12.94,2.79,8.11,13.03,23.74,7.29
ALIANZA DEMOCRATA CRISTIANA,540,CARTAGO,El Guarco,41793.00,167.69,249.23,87.66,101.55,10831.00,3.83,73.24,2.47,97.89,8.34,26.76,75.45,34.77,12.94,2.79,8.11,13.03,23.74,7.29
DE LOS TRABAJADORES,40,CARTAGO,El Guarco,41793.00,167.69,249.23,87.66,101.55,10831.00,3.83,73.24,2.47,97.89,8.34,26.76,75.45,34.77,12.94,2.79,8.11,13.03,23.74,7.29
FRENTE AMPLIO,135,CARTAGO,El Guarco,41793.00,167.69,249.23,87.66,101.55,10831.00,3.83,73.24,2.47,97.89,8.34,26.76,75.45,34.77,12.94,2.79,8.11,13.03,23.74,7.29
INTEGRACION NACIONAL,2549,CARTAGO,El Guarco,41793.00,167.69,249.23,87.66,101.55,10831.00,3.83,73.24,2.47,97.89,8.34,26.76,75.45,34.77,12.94,2.79,8.11,13.03,23.74,7.29
LIBERACION NACIONAL,5693,CARTAGO,El Guarco,41793.00,167.69,249.23,87.66,101.55,10831.00,3.83,73.24,2.47,97.89,8.34,26.76,75.45,34.77,12.94,2.79,8.11,13.03,23.74,7.29
MOVIMIENTO LIBERTARIO,266,CARTAGO,El Guarco,41793.00,167.69,249.23,87.66,101.55,10831.00,3.83,73.24,2.47,97.89,8.34,26.76,75.45,34.77,12.94,2.79,8.11,13.03,23.74,7.29
NUEVA GENERACION,216,CARTAGO,El Guarco,41793.00,167.69,249.23,87.66,101.55,10831.00,3.83,73.24,2.47,97.89,8.34,26.76,75.45,34.77,12.94,2.79,8.11,13.03,23.74,7.29
RENOVACION COSTARRICENSE,170,CARTAGO,El Guarco,41793.00,167.69,249.23,87.66,101.55,10831.00,3.83,73.24,2.47,97.89,8.34,26.76,75.45,34.77,12.94,2.79,8.11,13.03,23.74,7.29
REPUBLICANO SOCIAL CRISTIANO,1530,CARTAGO,El Guarco,41793.00,167.69,249.23,87.66,101.55,10831.00,3.83,73.24,2.47,97.89,8.34,26.76,75.45,34.77,12.94,2.79,8.11,13.03,23.74,7.29
RESTAURACION NACIONAL,2888,CARTAGO,El Guarco,41793.00,167.69,249.23,87.66,101.55,10831.00,3.83,73.24,2.47,97.89,8.34,26.76,75.45,34.77,12.94,2.79,8.11,13.03,23.74,7.29
UNIDAD SOCIAL CRISTIANA,4107,CARTAGO,El Guarco,41793.00,167.69,249.23,87.66,101.55,10831.00,3.83,73.24,2.47,97.89,8.34,26.76,75.45,34.77,12.94,2.79,8.11,13.03,23.74,7.29
VOTOS NULOS,280,CARTAGO,El Guarco,41793.00,167.69,249.23,87.66,101.55,10831.00,3.83,73.24,2.47,97.89,8.34,26.76,75.45,34.77,12.94,2.79,8.11,13.03,23.74,7.29
VOTOS BLANCOS,77,CARTAGO,El Guarco,41793.00,167.69,249.23,87.66,101.55,10831.00,3.83,73.24,2.47,97.89,8.34,26.76,75.45,34.77,12.94,2.79,8.11,13.03,23.74,7.29
